Image,SSIM (Blurry),SSIM (Student)
0024_0_0.jpg,0.8613,0.8535
0024_0_1024.jpg,0.8646,0.8415
0024_0_1280.jpg,0.8281,0.8175
0024_0_1536.jpg,0.8396,0.829
0024_0_256.jpg,0.9086,0.8421
0024_0_512.jpg,0.8588,0.8277
0024_0_768.jpg,0.8752,0.8308
0024_1024_0.jpg,0.8596,0.8465
0024_1024_1024.jpg,0.8443,0.8283
0024_1024_1280.jpg,0.8379,0.8203
0024_1024_1536.jpg,0.8508,0.8256
0024_1024_256.jpg,0.888,0.8744
0024_1024_512.jpg,0.8686,0.8567
0024_1024_768.jpg,0.8661,0.8494
0024_256_0.jpg,0.8042,0.7973
0024_256_1024.jpg,0.8501,0.8455
0024_256_1280.jpg,0.8419,0.8317
0024_256_1536.jpg,0.8538,0.8512
0024_256_256.jpg,0.8375,0.8246
0024_256_512.jpg,0.8676,0.8549
0024_256_768.jpg,0.8402,0.8222
0024_512_0.jpg,0.8286,0.8199
0024_512_1024.jpg,0.9211,0.9186
0024_512_1280.jpg,0.8962,0.8695
0024_512_1536.jpg,0.8568,0.8389
0024_512_256.jpg,0.8445,0.8339
0024_512_512.jpg,0.8601,0.8544
0024_512_768.jpg,0.8996,0.8972
0024_768_0.jpg,0.8677,0.8552
0024_768_1024.jpg,0.8667,0.858
0024_768_1280.jpg,0.8338,0.8266
0024_768_1536.jpg,0.8004,0.7907
0024_768_256.jpg,0.8445,0.8337
0024_768_512.jpg,0.8846,0.8671
0024_768_768.jpg,0.8941,0.8784
0031_0_0.jpg,0.5981,0.5831
0031_0_1024.jpg,0.4789,0.4689
0031_0_1280.jpg,0.4987,0.4906
0031_0_1536.jpg,0.9196,0.9135
0031_0_256.jpg,0.5603,0.5477
0031_0_512.jpg,0.5659,0.5568
0031_0_768.jpg,0.5219,0.5139
0031_1024_0.jpg,0.8924,0.8819
0031_1024_1024.jpg,0.5617,0.5517
0031_1024_1280.jpg,0.4893,0.4783
0031_1024_1536.jpg,0.4482,0.4384
0031_1024_256.jpg,0.8278,0.8158
0031_1024_512.jpg,0.7212,0.7105
0031_1024_768.jpg,0.6007,0.5907
0031_256_0.jpg,0.7354,0.7105
0031_256_1024.jpg,0.6941,0.6879
0031_256_1280.jpg,0.6334,0.6199
0031_256_1536.jpg,0.8161,0.8083
0031_256_256.jpg,0.6657,0.6557
0031_256_512.jpg,0.8875,0.8795
0031_256_768.jpg,0.8085,0.799
0031_512_0.jpg,0.9221,0.8783
0031_512_1024.jpg,0.7763,0.7539
0031_512_1280.jpg,0.7667,0.7469
0031_512_1536.jpg,0.7527,0.7425
0031_512_256.jpg,0.7405,0.7321
0031_512_512.jpg,0.8191,0.813
0031_512_768.jpg,0.8414,0.8289
0031_768_0.jpg,0.8466,0.8265
0031_768_1024.jpg,0.7824,0.7727
0031_768_1280.jpg,0.8366,0.8289
0031_768_1536.jpg,0.7401,0.7317
0031_768_256.jpg,0.8456,0.8352
0031_768_512.jpg,0.8668,0.8585
0031_768_768.jpg,0.8568,0.8434
0032_0_0.jpg,0.9958,0.9901
0032_0_1024.jpg,0.9957,0.9895
0032_0_1280.jpg,0.9958,0.9898
0032_0_1536.jpg,0.9962,0.9876
0032_0_256.jpg,0.9958,0.9906
0032_0_512.jpg,0.9958,0.9907
0032_0_768.jpg,0.9917,0.9862
0032_1024_0.jpg,0.8377,0.8242
0032_1024_1024.jpg,0.7639,0.7544
0032_1024_1280.jpg,0.8154,0.8104
0032_1024_1536.jpg,0.8928,0.8885
0032_1024_256.jpg,0.7545,0.7454
0032_1024_512.jpg,0.6552,0.6443
0032_1024_768.jpg,0.6851,0.675
0032_256_0.jpg,0.9226,0.9175
0032_256_1024.jpg,0.8654,0.8577
0032_256_1280.jpg,0.8661,0.8613
0032_256_1536.jpg,0.8136,0.805
0032_256_256.jpg,0.91,0.9053
0032_256_512.jpg,0.9015,0.8972
0032_256_768.jpg,0.903,0.8978
0032_512_0.jpg,0.8347,0.8269
0032_512_1024.jpg,0.7396,0.7306
0032_512_1280.jpg,0.6391,0.6271
0032_512_1536.jpg,0.6683,0.6565
0032_512_256.jpg,0.6867,0.6754
0032_512_512.jpg,0.7712,0.7648
0032_512_768.jpg,0.762,0.7522
0032_768_0.jpg,0.8601,0.8522
0032_768_1024.jpg,0.6971,0.6888
0032_768_1280.jpg,0.7134,0.7054
0032_768_1536.jpg,0.6611,0.6559
0032_768_256.jpg,0.7807,0.7723
0032_768_512.jpg,0.7403,0.7309
0032_768_768.jpg,0.7954,0.7876
0034_0_0.jpg,0.6819,0.6678
0034_0_1024.jpg,0.6941,0.6789
0034_0_1280.jpg,0.6796,0.6709
0034_0_1536.jpg,0.7798,0.769
0034_0_256.jpg,0.5962,0.5798
0034_0_512.jpg,0.6782,0.668
0034_0_768.jpg,0.8319,0.8193
0034_1024_0.jpg,0.8408,0.8354
0034_1024_1024.jpg,0.5831,0.5767
0034_1024_1280.jpg,0.5586,0.5421
0034_1024_1536.jpg,0.6588,0.6443
0034_1024_256.jpg,0.7642,0.7442
0034_1024_512.jpg,0.6221,0.606
0034_1024_768.jpg,0.6476,0.6388
0034_256_0.jpg,0.6439,0.6191
0034_256_1024.jpg,0.6802,0.6635
0034_256_1280.jpg,0.6708,0.6555
0034_256_1536.jpg,0.7089,0.7007
0034_256_256.jpg,0.6267,0.6081
0034_256_512.jpg,0.5579,0.5446
0034_256_768.jpg,0.6832,0.6538
0034_512_0.jpg,0.7261,0.7182
0034_512_1024.jpg,0.6675,0.6378
0034_512_1280.jpg,0.6606,0.6293
0034_512_1536.jpg,0.7191,0.6971
0034_512_256.jpg,0.6402,0.629
0034_512_512.jpg,0.6392,0.6249
0034_512_768.jpg,0.6739,0.6543
0034_768_0.jpg,0.8236,0.8166
0034_768_1024.jpg,0.6519,0.6408
0034_768_1280.jpg,0.7016,0.6879
0034_768_1536.jpg,0.7451,0.7376
0034_768_256.jpg,0.7327,0.7053
0034_768_512.jpg,0.6307,0.6132
0034_768_768.jpg,0.6145,0.5916
0040_0_0.jpg,0.9586,0.9544
0040_0_1024.jpg,0.972,0.9703
0040_0_1280.jpg,0.9716,0.9702
0040_0_1536.jpg,0.9644,0.9619
0040_0_256.jpg,0.9607,0.9546
0040_0_512.jpg,0.9654,0.9611
0040_0_768.jpg,0.9675,0.964
0040_1024_0.jpg,0.9202,0.9172
0040_1024_1024.jpg,0.8,0.7976
0040_1024_1280.jpg,0.9366,0.9336
0040_1024_1536.jpg,0.9355,0.9329
0040_1024_256.jpg,0.8563,0.8501
0040_1024_512.jpg,0.879,0.8759
0040_1024_768.jpg,0.8956,0.8937
0040_256_0.jpg,0.9591,0.9587
0040_256_1024.jpg,0.9596,0.9581
0040_256_1280.jpg,0.9561,0.954
0040_256_1536.jpg,0.9517,0.9488
0040_256_256.jpg,0.9517,0.9501
0040_256_512.jpg,0.9559,0.9532
0040_256_768.jpg,0.9569,0.9564
0040_512_0.jpg,0.9579,0.9565
0040_512_1024.jpg,0.9484,0.9522
0040_512_1280.jpg,0.9558,0.9536
0040_512_1536.jpg,0.9501,0.9512
0040_512_256.jpg,0.9484,0.9487
0040_512_512.jpg,0.8783,0.8724
0040_512_768.jpg,0.8704,0.8704
0040_768_0.jpg,0.9595,0.9588
0040_768_1024.jpg,0.7293,0.7208
0040_768_1280.jpg,0.9523,0.9519
0040_768_1536.jpg,0.9496,0.9517
0040_768_256.jpg,0.7747,0.7687
0040_768_512.jpg,0.7627,0.736
0040_768_768.jpg,0.749,0.7423
0050_0_0.jpg,0.6023,0.5954
0050_0_1024.jpg,0.8571,0.8553
0050_0_1280.jpg,0.8766,0.8648
0050_0_1536.jpg,0.844,0.8336
0050_0_256.jpg,0.7904,0.7918
0050_0_512.jpg,0.8231,0.8146
0050_0_768.jpg,0.7713,0.7679
0050_1024_0.jpg,0.8751,0.865
0050_1024_1024.jpg,0.7868,0.7499
0050_1024_1280.jpg,0.8229,0.7839
0050_1024_1536.jpg,0.8537,0.8486
0050_1024_256.jpg,0.8082,0.7966
0050_1024_512.jpg,0.7693,0.7602
0050_1024_768.jpg,0.7863,0.7812
0050_256_0.jpg,0.8352,0.833
0050_256_1024.jpg,0.9144,0.9077
0050_256_1280.jpg,0.8915,0.8814
0050_256_1536.jpg,0.8795,0.8723
0050_256_256.jpg,0.8296,0.8319
0050_256_512.jpg,0.866,0.8595
0050_256_768.jpg,0.9048,0.8935
0050_512_0.jpg,0.8421,0.8395
0050_512_1024.jpg,0.8199,0.8116
0050_512_1280.jpg,0.8292,0.8291
0050_512_1536.jpg,0.8068,0.796
0050_512_256.jpg,0.8232,0.8195
0050_512_512.jpg,0.8226,0.8171
0050_512_768.jpg,0.9277,0.9155
0050_768_0.jpg,0.8687,0.8609
0050_768_1024.jpg,0.8274,0.7481
0050_768_1280.jpg,0.8422,0.7886
0050_768_1536.jpg,0.874,0.8635
0050_768_256.jpg,0.8329,0.8254
0050_768_512.jpg,0.7942,0.7893
0050_768_768.jpg,0.7999,0.7965
0064_0_0.jpg,0.9872,0.979
0064_0_1024.jpg,0.989,0.9791
0064_0_1280.jpg,0.9894,0.9816
0064_0_1536.jpg,0.9864,0.977
0064_0_256.jpg,0.9636,0.9562
0064_0_512.jpg,0.9846,0.9751
0064_0_768.jpg,0.9851,0.9743
0064_1024_0.jpg,0.9889,0.9828
0064_1024_1024.jpg,0.982,0.9762
0064_1024_1280.jpg,0.9885,0.9759
0064_1024_1536.jpg,0.9904,0.9735
0064_1024_256.jpg,0.9901,0.9742
0064_1024_512.jpg,0.9863,0.9693
0064_1024_768.jpg,0.9698,0.9563
0064_256_0.jpg,0.9503,0.9432
0064_256_1024.jpg,0.9632,0.9476
0064_256_1280.jpg,0.9783,0.9715
0064_256_1536.jpg,0.9742,0.9633
0064_256_256.jpg,0.9857,0.9734
0064_256_512.jpg,0.9247,0.8995
0064_256_768.jpg,0.8875,0.8554
0064_512_0.jpg,0.97,0.9554
0064_512_1024.jpg,0.9494,0.9331
0064_512_1280.jpg,0.9585,0.9498
0064_512_1536.jpg,0.9819,0.9712
0064_512_256.jpg,0.9779,0.9587
0064_512_512.jpg,0.9182,0.8788
0064_512_768.jpg,0.886,0.7897
0064_768_0.jpg,0.989,0.9813
0064_768_1024.jpg,0.8965,0.8837
0064_768_1280.jpg,0.9787,0.9635
0064_768_1536.jpg,0.9898,0.9754
0064_768_256.jpg,0.979,0.9701
0064_768_512.jpg,0.8766,0.8485
0064_768_768.jpg,0.822,0.8025
0066_0_0.jpg,0.9519,0.9455
0066_0_1024.jpg,0.8598,0.8508
0066_0_1280.jpg,0.7943,0.7822
0066_0_1536.jpg,0.8643,0.8508
0066_0_256.jpg,0.9431,0.9345
0066_0_512.jpg,0.9639,0.9555
0066_0_768.jpg,0.9756,0.9656
0066_1024_0.jpg,0.7293,0.7172
0066_1024_1024.jpg,0.7568,0.7288
0066_1024_1280.jpg,0.7241,0.7084
0066_1024_1536.jpg,0.5728,0.5614
0066_1024_256.jpg,0.7365,0.7283
0066_1024_512.jpg,0.6576,0.6486
0066_1024_768.jpg,0.7515,0.7283
0066_256_0.jpg,0.9626,0.9548
0066_256_1024.jpg,0.8646,0.8483
0066_256_1280.jpg,0.6117,0.602
0066_256_1536.jpg,0.615,0.6093
0066_256_256.jpg,0.7764,0.7698
0066_256_512.jpg,0.6121,0.5988
0066_256_768.jpg,0.6536,0.6427
0066_512_0.jpg,0.7553,0.7451
0066_512_1024.jpg,0.7421,0.7262
0066_512_1280.jpg,0.6567,0.6504
0066_512_1536.jpg,0.6246,0.6188
0066_512_256.jpg,0.5542,0.5478
0066_512_512.jpg,0.5648,0.5569
0066_512_768.jpg,0.563,0.5536
0066_768_0.jpg,0.6453,0.6356
0066_768_1024.jpg,0.8186,0.7927
0066_768_1280.jpg,0.7146,0.7029
0066_768_1536.jpg,0.526,0.5165
0066_768_256.jpg,0.6397,0.633
0066_768_512.jpg,0.6574,0.6432
0066_768_768.jpg,0.8819,0.8546
0067_0_0.jpg,0.8199,0.8284
0067_0_1024.jpg,0.863,0.8557
0067_0_1280.jpg,0.8491,0.8509
0067_0_1536.jpg,0.8078,0.8165
0067_0_256.jpg,0.7857,0.7826
0067_0_512.jpg,0.8193,0.8137
0067_0_768.jpg,0.7752,0.7604
0067_1024_0.jpg,0.8251,0.8134
0067_1024_1024.jpg,0.8333,0.8189
0067_1024_1280.jpg,0.8474,0.8401
0067_1024_1536.jpg,0.8491,0.8374
0067_1024_256.jpg,0.829,0.8186
0067_1024_512.jpg,0.8646,0.8533
0067_1024_768.jpg,0.8631,0.8516
0067_256_0.jpg,0.8218,0.8303
0067_256_1024.jpg,0.8104,0.8055
0067_256_1280.jpg,0.7932,0.7883
0067_256_1536.jpg,0.818,0.8213
0067_256_256.jpg,0.7554,0.7513
0067_256_512.jpg,0.8177,0.8141
0067_256_768.jpg,0.8163,0.81
0067_512_0.jpg,0.8263,0.835
0067_512_1024.jpg,0.7936,0.79
0067_512_1280.jpg,0.788,0.7727
0067_512_1536.jpg,0.8261,0.821
0067_512_256.jpg,0.79,0.7888
0067_512_512.jpg,0.8329,0.825
0067_512_768.jpg,0.7419,0.7361
0067_768_0.jpg,0.8274,0.8321
0067_768_1024.jpg,0.7689,0.7641
0067_768_1280.jpg,0.8253,0.8215
0067_768_1536.jpg,0.8648,0.8587
0067_768_256.jpg,0.7963,0.8039
0067_768_512.jpg,0.804,0.799
0067_768_768.jpg,0.8272,0.8189
0068_0_0.jpg,0.9845,0.9716
0068_0_1024.jpg,0.9851,0.9803
0068_0_1280.jpg,0.9872,0.9726
0068_0_1536.jpg,0.9893,0.9847
0068_0_256.jpg,0.982,0.9584
0068_0_512.jpg,0.9711,0.9612
0068_0_768.jpg,0.989,0.9841
0068_1024_0.jpg,0.9701,0.9565
0068_1024_1024.jpg,0.9676,0.9598
0068_1024_1280.jpg,0.9336,0.9262
0068_1024_1536.jpg,0.9375,0.9303
0068_1024_256.jpg,0.9401,0.9306
0068_1024_512.jpg,0.955,0.9443
0068_1024_768.jpg,0.9534,0.9449
0068_256_0.jpg,0.9724,0.9555
0068_256_1024.jpg,0.9624,0.9554
0068_256_1280.jpg,0.7184,0.7113
0068_256_1536.jpg,0.8158,0.8128
0068_256_256.jpg,0.9376,0.9193
0068_256_512.jpg,0.8266,0.8149
0068_256_768.jpg,0.903,0.8811
0068_512_0.jpg,0.9214,0.9019
0068_512_1024.jpg,0.5022,0.4942
0068_512_1280.jpg,0.7642,0.7573
0068_512_1536.jpg,0.7738,0.7636
0068_512_256.jpg,0.8117,0.8026
0068_512_512.jpg,0.7659,0.7565
0068_512_768.jpg,0.5653,0.5533
0068_768_0.jpg,0.9194,0.8985
0068_768_1024.jpg,0.7289,0.7168
0068_768_1280.jpg,0.8238,0.817
0068_768_1536.jpg,0.8329,0.8172
0068_768_256.jpg,0.9248,0.9142
0068_768_512.jpg,0.8667,0.8569
0068_768_768.jpg,0.801,0.7833
0079_0_0.jpg,0.9885,0.9838
0079_0_1024.jpg,0.9696,0.9583
0079_0_1280.jpg,0.9515,0.9378
0079_0_1536.jpg,0.9712,0.8724
0079_0_256.jpg,0.9911,0.9887
0079_0_512.jpg,0.9927,0.9905
0079_0_768.jpg,0.9854,0.9794
0079_1024_0.jpg,0.6982,0.6934
0079_1024_1024.jpg,0.5225,0.5157
0079_1024_1280.jpg,0.5271,0.5206
0079_1024_1536.jpg,0.5975,0.5918
0079_1024_256.jpg,0.645,0.6396
0079_1024_512.jpg,0.4919,0.4851
0079_1024_768.jpg,0.4808,0.4741
0079_256_0.jpg,0.9756,0.9674
0079_256_1024.jpg,0.9655,0.9522
0079_256_1280.jpg,0.9648,0.9531
0079_256_1536.jpg,0.9664,0.9541
0079_256_256.jpg,0.9689,0.9577
0079_256_512.jpg,0.9648,0.9552
0079_256_768.jpg,0.9627,0.9539
0079_512_0.jpg,0.5698,0.5587
0079_512_1024.jpg,0.4742,0.4626
0079_512_1280.jpg,0.5032,0.4939
0079_512_1536.jpg,0.5439,0.5371
0079_512_256.jpg,0.594,0.5868
0079_512_512.jpg,0.6322,0.6267
0079_512_768.jpg,0.585,0.5795
0079_768_0.jpg,0.7987,0.7939
0079_768_1024.jpg,0.4969,0.4888
0079_768_1280.jpg,0.586,0.5794
0079_768_1536.jpg,0.6671,0.6624
0079_768_256.jpg,0.8445,0.8402
0079_768_512.jpg,0.8025,0.7974
0079_768_768.jpg,0.5364,0.5303
0087_0_0.jpg,0.8571,0.8468
0087_0_1024.jpg,0.8963,0.8982
0087_0_1280.jpg,0.8715,0.8657
0087_0_1536.jpg,0.8433,0.8348
0087_0_256.jpg,0.8732,0.8571
0087_0_512.jpg,0.8807,0.8721
0087_0_768.jpg,0.894,0.893
0087_1024_0.jpg,0.8394,0.8261
0087_1024_1024.jpg,0.7978,0.7868
0087_1024_1280.jpg,0.7963,0.7855
0087_1024_1536.jpg,0.7834,0.781
0087_1024_256.jpg,0.8239,0.8168
0087_1024_512.jpg,0.7889,0.7799
0087_1024_768.jpg,0.8286,0.8194
0087_256_0.jpg,0.8636,0.8585
0087_256_1024.jpg,0.7333,0.7277
0087_256_1280.jpg,0.8104,0.8022
0087_256_1536.jpg,0.7438,0.7423
0087_256_256.jpg,0.8638,0.8522
0087_256_512.jpg,0.8723,0.8657
0087_256_768.jpg,0.8009,0.7965
0087_512_0.jpg,0.8288,0.8213
0087_512_1024.jpg,0.793,0.7942
0087_512_1280.jpg,0.7951,0.7911
0087_512_1536.jpg,0.6939,0.6783
0087_512_256.jpg,0.8716,0.8595
0087_512_512.jpg,0.8543,0.8467
0087_512_768.jpg,0.789,0.7806
0087_768_0.jpg,0.8016,0.7925
0087_768_1024.jpg,0.752,0.7514
0087_768_1280.jpg,0.7966,0.7864
0087_768_1536.jpg,0.7725,0.7655
0087_768_256.jpg,0.8365,0.8313
0087_768_512.jpg,0.8009,0.79
0087_768_768.jpg,0.7769,0.7695
0110_0_0.jpg,0.8234,0.804
0110_0_1024.jpg,0.9246,0.8505
0110_0_1280.jpg,0.9032,0.8858
0110_0_1536.jpg,0.852,0.761
0110_0_256.jpg,0.6406,0.6284
0110_0_512.jpg,0.8866,0.8221
0110_0_768.jpg,0.9622,0.938
0110_1024_0.jpg,0.9761,0.9666
0110_1024_1024.jpg,0.9012,0.896
0110_1024_1280.jpg,0.9424,0.9342
0110_1024_1536.jpg,0.9603,0.9579
0110_1024_256.jpg,0.8662,0.8611
0110_1024_512.jpg,0.979,0.974
0110_1024_768.jpg,0.9509,0.943
0110_256_0.jpg,0.8902,0.8799
0110_256_1024.jpg,0.7428,0.7288
0110_256_1280.jpg,0.7196,0.7047
0110_256_1536.jpg,0.8439,0.8263
0110_256_256.jpg,0.9306,0.9086
0110_256_512.jpg,0.8689,0.8465
0110_256_768.jpg,0.9104,0.8824
0110_512_0.jpg,0.8306,0.8217
0110_512_1024.jpg,0.9544,0.9352
0110_512_1280.jpg,0.8958,0.8826
0110_512_1536.jpg,0.9254,0.9121
0110_512_256.jpg,0.8974,0.8873
0110_512_512.jpg,0.8738,0.8611
0110_512_768.jpg,0.9048,0.8979
0110_768_0.jpg,0.9169,0.9098
0110_768_1024.jpg,0.8705,0.8612
0110_768_1280.jpg,0.9252,0.9205
0110_768_1536.jpg,0.9127,0.9048
0110_768_256.jpg,0.9277,0.9145
0110_768_512.jpg,0.9432,0.9369
0110_768_768.jpg,0.9468,0.9439
0140_0_0.jpg,0.8689,0.8571
0140_0_1024.jpg,0.9455,0.9301
0140_0_1280.jpg,0.9461,0.9346
0140_0_1536.jpg,0.8249,0.815
0140_0_256.jpg,0.8485,0.839
0140_0_512.jpg,0.8996,0.8833
0140_0_768.jpg,0.9338,0.9207
0140_1024_0.jpg,0.8223,0.8121
0140_1024_1024.jpg,0.6578,0.6488
0140_1024_1280.jpg,0.7533,0.74
0140_1024_1536.jpg,0.6572,0.6502
0140_1024_256.jpg,0.6556,0.6456
0140_1024_512.jpg,0.5849,0.5767
0140_1024_768.jpg,0.6284,0.6197
0140_256_0.jpg,0.8497,0.8405
0140_256_1024.jpg,0.7394,0.7272
0140_256_1280.jpg,0.839,0.8215
0140_256_1536.jpg,0.5459,0.5347
0140_256_256.jpg,0.8675,0.8555
0140_256_512.jpg,0.9051,0.8929
0140_256_768.jpg,0.9503,0.9401
0140_512_0.jpg,0.7733,0.7597
0140_512_1024.jpg,0.6715,0.6591
0140_512_1280.jpg,0.7169,0.7018
0140_512_1536.jpg,0.5513,0.5329
0140_512_256.jpg,0.7486,0.7385
0140_512_512.jpg,0.7553,0.7434
0140_512_768.jpg,0.8644,0.8468
0140_768_0.jpg,0.7138,0.7018
0140_768_1024.jpg,0.6461,0.6344
0140_768_1280.jpg,0.7706,0.7559
0140_768_1536.jpg,0.5481,0.537
0140_768_256.jpg,0.6957,0.6878
0140_768_512.jpg,0.6005,0.5927
0140_768_768.jpg,0.6995,0.6907
0169_0_0.jpg,0.6949,0.6831
0169_0_1024.jpg,0.7664,0.7526
0169_0_1280.jpg,0.7846,0.7741
0169_0_1536.jpg,0.8658,0.8558
0169_0_256.jpg,0.7871,0.7779
0169_0_512.jpg,0.783,0.7698
0169_0_768.jpg,0.7883,0.7771
0169_1024_0.jpg,0.9014,0.8808
0169_1024_1024.jpg,0.8828,0.8707
0169_1024_1280.jpg,0.9061,0.8907
0169_1024_1536.jpg,0.8767,0.8685
0169_1024_256.jpg,0.8875,0.8743
0169_1024_512.jpg,0.871,0.8558
0169_1024_768.jpg,0.7969,0.7851
0169_256_0.jpg,0.8414,0.8358
0169_256_1024.jpg,0.8384,0.8328
0169_256_1280.jpg,0.7501,0.7488
0169_256_1536.jpg,0.8276,0.8266
0169_256_256.jpg,0.7624,0.752
0169_256_512.jpg,0.8352,0.8247
0169_256_768.jpg,0.8234,0.8095
0169_512_0.jpg,0.837,0.8282
0169_512_1024.jpg,0.883,0.8736
0169_512_1280.jpg,0.8628,0.852
0169_512_1536.jpg,0.8371,0.8274
0169_512_256.jpg,0.8316,0.8238
0169_512_512.jpg,0.8222,0.8105
0169_512_768.jpg,0.8579,0.8515
0169_768_0.jpg,0.8398,0.8278
0169_768_1024.jpg,0.8428,0.8285
0169_768_1280.jpg,0.8613,0.8548
0169_768_1536.jpg,0.8197,0.8063
0169_768_256.jpg,0.8274,0.814
0169_768_512.jpg,0.8335,0.8231
0169_768_768.jpg,0.815,0.8021
0175_0_0.jpg,0.5477,0.5343
0175_0_1024.jpg,0.5392,0.5301
0175_0_1280.jpg,0.5525,0.5429
0175_0_1536.jpg,0.6971,0.6886
0175_0_256.jpg,0.5062,0.4906
0175_0_512.jpg,0.5473,0.5329
0175_0_768.jpg,0.5352,0.5226
0175_256_0.jpg,0.4624,0.4427
0175_256_1024.jpg,0.4147,0.4046
0175_256_1280.jpg,0.4329,0.4224
0175_256_1536.jpg,0.6385,0.6311
0175_256_256.jpg,0.4611,0.4442
0175_256_512.jpg,0.4205,0.4056
0175_256_768.jpg,0.3934,0.381
0175_512_0.jpg,0.7715,0.7678
0175_512_1024.jpg,0.6725,0.666
0175_512_1280.jpg,0.7792,0.7725
0175_512_1536.jpg,0.7822,0.7749
0175_512_256.jpg,0.7548,0.7483
0175_512_512.jpg,0.7374,0.7289
0175_512_768.jpg,0.7206,0.7137
0175_768_0.jpg,0.6793,0.6703
0175_768_1024.jpg,0.6493,0.6399
0175_768_1280.jpg,0.8172,0.81
0175_768_1536.jpg,0.8683,0.8615
0175_768_256.jpg,0.6398,0.632
0175_768_512.jpg,0.707,0.6963
0175_768_768.jpg,0.652,0.6443
0193_0_0.jpg,0.9927,0.9868
0193_0_1024.jpg,0.9926,0.9871
0193_0_1280.jpg,0.958,0.954
0193_0_1536.jpg,0.9782,0.9749
0193_0_256.jpg,0.9928,0.9885
0193_0_512.jpg,0.9944,0.9913
0193_0_768.jpg,0.9935,0.9903
0193_1024_0.jpg,0.8441,0.8369
0193_1024_1024.jpg,0.8262,0.8218
0193_1024_1280.jpg,0.8574,0.852
0193_1024_1536.jpg,0.836,0.8303
0193_1024_256.jpg,0.7976,0.7943
0193_1024_512.jpg,0.8248,0.8188
0193_1024_768.jpg,0.8113,0.8075
0193_256_0.jpg,0.9742,0.9705
0193_256_1024.jpg,0.968,0.9627
0193_256_1280.jpg,0.8346,0.8276
0193_256_1536.jpg,0.9642,0.9621
0193_256_256.jpg,0.9718,0.9658
0193_256_512.jpg,0.9921,0.9858
0193_256_768.jpg,0.9055,0.9026
0193_512_0.jpg,0.9416,0.9361
0193_512_1024.jpg,0.8473,0.8434
0193_512_1280.jpg,0.9963,0.9924
0193_512_1536.jpg,0.9962,0.9924
0193_512_256.jpg,0.9366,0.932
0193_512_512.jpg,0.9933,0.9879
0193_512_768.jpg,0.9387,0.9359
0193_768_0.jpg,0.8807,0.8766
0193_768_1024.jpg,0.8686,0.8648
0193_768_1280.jpg,0.8772,0.8721
0193_768_1536.jpg,0.8617,0.8564
0193_768_256.jpg,0.869,0.8643
0193_768_512.jpg,0.8784,0.8735
0193_768_768.jpg,0.7951,0.7899
0199_0_0.jpg,0.86,0.8175
0199_0_1024.jpg,0.8785,0.7936
0199_0_1280.jpg,0.864,0.8231
0199_0_1536.jpg,0.8556,0.8241
0199_0_256.jpg,0.9077,0.8954
0199_0_512.jpg,0.9372,0.9223
0199_0_768.jpg,0.8964,0.8139
0199_1024_0.jpg,0.8249,0.8142
0199_1024_1024.jpg,0.6943,0.6884
0199_1024_1280.jpg,0.9398,0.9357
0199_1024_1536.jpg,0.81,0.7983
0199_1024_256.jpg,0.7344,0.7277
0199_1024_512.jpg,0.6421,0.6255
0199_1024_768.jpg,0.6593,0.6457
0199_1280_0.jpg,0.7545,0.7416
0199_1280_1024.jpg,0.8447,0.8365
0199_1280_1280.jpg,0.9513,0.9436
0199_1280_1536.jpg,0.8225,0.8083
0199_1280_256.jpg,0.7105,0.7045
0199_1280_512.jpg,0.7483,0.7406
0199_1280_768.jpg,0.8537,0.8444
0199_256_0.jpg,0.9055,0.8922
0199_256_1024.jpg,0.9388,0.9115
0199_256_1280.jpg,0.9033,0.895
0199_256_1536.jpg,0.8782,0.8691
0199_256_256.jpg,0.8808,0.8673
0199_256_512.jpg,0.9024,0.8915
0199_256_768.jpg,0.9156,0.9048
0199_512_0.jpg,0.8355,0.8295
0199_512_1024.jpg,0.8912,0.8808
0199_512_1280.jpg,0.9096,0.9037
0199_512_1536.jpg,0.8836,0.8732
0199_512_256.jpg,0.9063,0.9009
0199_512_512.jpg,0.9022,0.8905
0199_512_768.jpg,0.9148,0.9075
0199_768_0.jpg,0.7832,0.7745
0199_768_1024.jpg,0.8334,0.8256
0199_768_1280.jpg,0.908,0.9007
0199_768_1536.jpg,0.832,0.8198
0199_768_256.jpg,0.8771,0.8724
0199_768_512.jpg,0.8286,0.8217
0199_768_768.jpg,0.8515,0.8417
0200_0_0.jpg,0.9526,0.946
0200_0_1024.jpg,0.9759,0.9661
0200_0_1280.jpg,0.9753,0.9655
0200_0_1536.jpg,0.9709,0.9602
0200_0_256.jpg,0.9659,0.9547
0200_0_512.jpg,0.9746,0.9649
0200_0_768.jpg,0.9788,0.968
0200_1024_0.jpg,0.9587,0.9509
0200_1024_1024.jpg,0.9693,0.9599
0200_1024_1280.jpg,0.9835,0.9774
0200_1024_1536.jpg,0.9696,0.9598
0200_1024_256.jpg,0.9759,0.9718
0200_1024_512.jpg,0.9651,0.9583
0200_1024_768.jpg,0.9817,0.9775
0200_256_0.jpg,0.8944,0.8851
0200_256_1024.jpg,0.9703,0.9601
0200_256_1280.jpg,0.9692,0.9619
0200_256_1536.jpg,0.9466,0.9309
0200_256_256.jpg,0.8819,0.873
0200_256_512.jpg,0.8574,0.8483
0200_256_768.jpg,0.8485,0.8396
0200_512_0.jpg,0.9535,0.9447
0200_512_1024.jpg,0.8949,0.8825
0200_512_1280.jpg,0.8202,0.8102
0200_512_1536.jpg,0.8936,0.8818
0200_512_256.jpg,0.8877,0.8791
0200_512_512.jpg,0.8421,0.8328
0200_512_768.jpg,0.8538,0.8482
0200_768_0.jpg,0.9612,0.9528
0200_768_1024.jpg,0.9291,0.9168
0200_768_1280.jpg,0.8856,0.875
0200_768_1536.jpg,0.9337,0.9226
0200_768_256.jpg,0.974,0.9683
0200_768_512.jpg,0.9727,0.9669
0200_768_768.jpg,0.9534,0.9438
0216_0_0.jpg,0.9318,0.917
0216_0_1024.jpg,0.3843,0.3776
0216_0_1280.jpg,0.5444,0.5368
0216_0_1536.jpg,0.9161,0.9061
0216_0_256.jpg,0.9289,0.9155
0216_0_512.jpg,0.9284,0.914
0216_0_768.jpg,0.7709,0.7602
0216_1024_0.jpg,0.6738,0.6584
0216_1024_1024.jpg,0.287,0.2768
0216_1024_1280.jpg,0.5092,0.4548
0216_1024_1536.jpg,0.5599,0.5504
0216_1024_256.jpg,0.6237,0.6106
0216_1024_512.jpg,0.2882,0.2769
0216_1024_768.jpg,0.2904,0.2831
0216_1280_0.jpg,0.3131,0.3021
0216_1280_1024.jpg,0.3901,0.3742
0216_1280_1280.jpg,0.3294,0.3213
0216_1280_1536.jpg,0.3839,0.375
0216_1280_256.jpg,0.3543,0.3352
0216_1280_512.jpg,0.3679,0.3582
0216_1280_768.jpg,0.29,0.2808
0216_256_0.jpg,0.9113,0.889
0216_256_1024.jpg,0.2338,0.2274
0216_256_1280.jpg,0.2347,0.2279
0216_256_1536.jpg,0.4499,0.4383
0216_256_256.jpg,0.9113,0.8911
0216_256_512.jpg,0.4617,0.4494
0216_256_768.jpg,0.1714,0.1633
0216_512_0.jpg,0.8903,0.8659
0216_512_1024.jpg,0.4021,0.394
0216_512_1280.jpg,0.4235,0.4115
0216_512_1536.jpg,0.4208,0.409
0216_512_256.jpg,0.78,0.7547
0216_512_512.jpg,0.3785,0.373
0216_512_768.jpg,0.1985,0.193
0216_768_0.jpg,0.8335,0.8136
0216_768_1024.jpg,0.497,0.4888
0216_768_1280.jpg,0.6863,0.6637
0216_768_1536.jpg,0.6935,0.675
0216_768_256.jpg,0.596,0.5854
0216_768_512.jpg,0.6358,0.6273
0216_768_768.jpg,0.3744,0.3669
0232_0_0.jpg,0.9976,0.5808
0232_0_1024.jpg,0.9858,0.5703
0232_0_1280.jpg,0.8677,0.5616
0232_0_1536.jpg,0.9346,0.5642
0232_0_256.jpg,0.9975,0.5714
0232_0_512.jpg,0.9974,0.5671
0232_0_768.jpg,0.9969,0.5689
0232_1024_0.jpg,0.7635,0.7613
0232_1024_1024.jpg,0.5698,0.5659
0232_1024_1280.jpg,0.8456,0.8218
0232_1024_1536.jpg,0.9,0.7887
0232_1024_256.jpg,0.8148,0.8089
0232_1024_512.jpg,0.6281,0.6198
0232_1024_768.jpg,0.6032,0.5994
0232_256_0.jpg,0.7046,0.6806
0232_256_1024.jpg,0.6421,0.635
0232_256_1280.jpg,0.5227,0.5148
0232_256_1536.jpg,0.5436,0.5322
0232_256_256.jpg,0.6927,0.6546
0232_256_512.jpg,0.6176,0.598
0232_256_768.jpg,0.6784,0.67
0232_512_0.jpg,0.6124,0.5995
0232_512_1024.jpg,0.7528,0.7291
0232_512_1280.jpg,0.6925,0.6824
0232_512_1536.jpg,0.6176,0.6078
0232_512_256.jpg,0.6932,0.6776
0232_512_512.jpg,0.8231,0.7668
0232_512_768.jpg,0.779,0.7666
0232_768_0.jpg,0.7178,0.7094
0232_768_1024.jpg,0.7649,0.748
0232_768_1280.jpg,0.9042,0.7743
0232_768_1536.jpg,0.8383,0.7588
0232_768_256.jpg,0.7604,0.7488
0232_768_512.jpg,0.8144,0.8
0232_768_768.jpg,0.7224,0.7144
0245_0_0.jpg,0.8347,0.7966
0245_0_1024.jpg,0.8874,0.7277
0245_0_1280.jpg,0.9052,0.7397
0245_0_1536.jpg,0.8957,0.7423
0245_0_256.jpg,0.8763,0.8179
0245_0_512.jpg,0.8718,0.8098
0245_0_768.jpg,0.8561,0.7967
0245_1024_0.jpg,0.6851,0.659
0245_1024_1024.jpg,0.8145,0.7963
0245_1024_1280.jpg,0.8596,0.8395
0245_1024_1536.jpg,0.8528,0.8226
0245_1024_256.jpg,0.7115,0.6926
0245_1024_512.jpg,0.6633,0.6549
0245_1024_768.jpg,0.8492,0.8271
0245_1280_0.jpg,0.8154,0.7944
0245_1280_1024.jpg,0.7983,0.7566
0245_1280_1280.jpg,0.845,0.8211
0245_1280_1536.jpg,0.8461,0.8214
0245_1280_256.jpg,0.7578,0.7372
0245_1280_512.jpg,0.705,0.6958
0245_1280_768.jpg,0.7602,0.7461
0245_256_0.jpg,0.7566,0.7306
0245_256_1024.jpg,0.677,0.6691
0245_256_1280.jpg,0.7768,0.7417
0245_256_1536.jpg,0.8583,0.7571
0245_256_256.jpg,0.7885,0.745
0245_256_512.jpg,0.7415,0.7284
0245_256_768.jpg,0.6508,0.6399
0245_512_0.jpg,0.6646,0.6339
0245_512_1024.jpg,0.5891,0.5787
0245_512_1280.jpg,0.7369,0.7267
0245_512_1536.jpg,0.8126,0.789
0245_512_256.jpg,0.7895,0.775
0245_512_512.jpg,0.6626,0.6495
0245_512_768.jpg,0.5179,0.5091
0245_768_0.jpg,0.6398,0.6277
0245_768_1024.jpg,0.7027,0.6899
0245_768_1280.jpg,0.8132,0.7986
0245_768_1536.jpg,0.8429,0.817
0245_768_256.jpg,0.6058,0.5909
0245_768_512.jpg,0.7436,0.7302
0245_768_768.jpg,0.6459,0.6313
0251_0_0.jpg,0.9795,0.9652
0251_0_1024.jpg,0.9806,0.9673
0251_0_1280.jpg,0.9802,0.9686
0251_0_1536.jpg,0.9763,0.9656
0251_0_256.jpg,0.9796,0.9676
0251_0_512.jpg,0.978,0.9647
0251_0_768.jpg,0.9799,0.9651
0251_1024_0.jpg,0.9667,0.958
0251_1024_1024.jpg,0.9711,0.9618
0251_1024_1280.jpg,0.9656,0.9603
0251_1024_1536.jpg,0.9596,0.9514
0251_1024_256.jpg,0.9555,0.9431
0251_1024_512.jpg,0.9237,0.9161
0251_1024_768.jpg,0.9725,0.96
0251_256_0.jpg,0.9838,0.9712
0251_256_1024.jpg,0.9774,0.9634
0251_256_1280.jpg,0.9764,0.9639
0251_256_1536.jpg,0.9752,0.9635
0251_256_256.jpg,0.9775,0.9648
0251_256_512.jpg,0.9091,0.8987
0251_256_768.jpg,0.9033,0.8902
0251_512_0.jpg,0.9731,0.9623
0251_512_1024.jpg,0.915,0.9052
0251_512_1280.jpg,0.9726,0.9638
0251_512_1536.jpg,0.9708,0.9649
0251_512_256.jpg,0.9655,0.959
0251_512_512.jpg,0.9148,0.9085
0251_512_768.jpg,0.8525,0.8424
0251_768_0.jpg,0.9728,0.9664
0251_768_1024.jpg,0.962,0.9539
0251_768_1280.jpg,0.9715,0.962
0251_768_1536.jpg,0.9693,0.9636
0251_768_256.jpg,0.9127,0.9025
0251_768_512.jpg,0.8802,0.8688
0251_768_768.jpg,0.9503,0.942
0261_0_0.jpg,0.5132,0.5107
0261_0_1024.jpg,0.4843,0.4758
0261_0_1280.jpg,0.3364,0.3275
0261_0_1536.jpg,0.4796,0.4656
0261_0_256.jpg,0.3562,0.3527
0261_0_512.jpg,0.3322,0.3277
0261_0_768.jpg,0.5383,0.5292
0261_1024_0.jpg,0.6351,0.631
0261_1024_1024.jpg,0.2851,0.2785
0261_1024_1280.jpg,0.3516,0.3451
0261_1024_1536.jpg,0.5671,0.5549
0261_1024_256.jpg,0.5333,0.5245
0261_1024_512.jpg,0.307,0.3009
0261_1024_768.jpg,0.3001,0.296
0261_256_0.jpg,0.582,0.5793
0261_256_1024.jpg,0.2659,0.256
0261_256_1280.jpg,0.5655,0.5521
0261_256_1536.jpg,0.5118,0.4981
0261_256_256.jpg,0.2823,0.2784
0261_256_512.jpg,0.3919,0.3864
0261_256_768.jpg,0.4519,0.4435
0261_512_0.jpg,0.3495,0.3439
0261_512_1024.jpg,0.1972,0.1907
0261_512_1280.jpg,0.247,0.2401
0261_512_1536.jpg,0.5081,0.4958
0261_512_256.jpg,0.3674,0.3636
0261_512_512.jpg,0.5011,0.4893
0261_512_768.jpg,0.2826,0.2752
0261_768_0.jpg,0.386,0.3794
0261_768_1024.jpg,0.2523,0.2455
0261_768_1280.jpg,0.2981,0.2924
0261_768_1536.jpg,0.4273,0.4204
0261_768_256.jpg,0.5945,0.5861
0261_768_512.jpg,0.3051,0.2976
0261_768_768.jpg,0.2333,0.2256
0266_0_0.jpg,0.983,0.9806
0266_0_1024.jpg,0.929,0.9134
0266_0_1280.jpg,0.9196,0.9096
0266_0_1536.jpg,0.9157,0.9045
0266_0_256.jpg,0.9808,0.9769
0266_0_512.jpg,0.977,0.969
0266_0_768.jpg,0.9666,0.9539
0266_1024_0.jpg,0.8024,0.7881
0266_1024_1024.jpg,0.6409,0.6282
0266_1024_1280.jpg,0.7002,0.6935
0266_1024_1536.jpg,0.6776,0.674
0266_1024_256.jpg,0.7929,0.7821
0266_1024_512.jpg,0.7108,0.7016
0266_1024_768.jpg,0.7016,0.6908
0266_256_0.jpg,0.7368,0.7257
0266_256_1024.jpg,0.5558,0.5406
0266_256_1280.jpg,0.6787,0.6683
0266_256_1536.jpg,0.7636,0.7543
0266_256_256.jpg,0.7299,0.7174
0266_256_512.jpg,0.666,0.6514
0266_256_768.jpg,0.5252,0.5039
0266_512_0.jpg,0.6408,0.6334
0266_512_1024.jpg,0.4567,0.4478
0266_512_1280.jpg,0.4959,0.4856
0266_512_1536.jpg,0.6884,0.6787
0266_512_256.jpg,0.7294,0.7207
0266_512_512.jpg,0.5902,0.5842
0266_512_768.jpg,0.5109,0.4983
0266_768_0.jpg,0.7375,0.7252
0266_768_1024.jpg,0.6204,0.6119
0266_768_1280.jpg,0.6786,0.6693
0266_768_1536.jpg,0.6808,0.6772
0266_768_256.jpg,0.6526,0.643
0266_768_512.jpg,0.6637,0.6566
0266_768_768.jpg,0.6297,0.619
0287_0_0.jpg,0.992,0.99
0287_0_1024.jpg,0.9925,0.9919
0287_0_1280.jpg,0.9925,0.992
0287_0_1536.jpg,0.9919,0.9901
0287_0_256.jpg,0.9894,0.9874
0287_0_512.jpg,0.8837,0.8771
0287_0_768.jpg,0.9621,0.9599
0287_1024_0.jpg,0.9205,0.9142
0287_1024_1024.jpg,0.6435,0.6361
0287_1024_1280.jpg,0.7332,0.7214
0287_1024_1536.jpg,0.7911,0.7753
0287_1024_256.jpg,0.8801,0.87
0287_1024_512.jpg,0.8083,0.7985
0287_1024_768.jpg,0.6796,0.6721
0287_256_0.jpg,0.993,0.992
0287_256_1024.jpg,0.8662,0.8624
0287_256_1280.jpg,0.8111,0.8069
0287_256_1536.jpg,0.8941,0.8893
0287_256_256.jpg,0.9617,0.9582
0287_256_512.jpg,0.8663,0.8534
0287_256_768.jpg,0.9359,0.9328
0287_512_0.jpg,0.9459,0.9391
0287_512_1024.jpg,0.7341,0.7314
0287_512_1280.jpg,0.6567,0.65
0287_512_1536.jpg,0.7073,0.7024
0287_512_256.jpg,0.8729,0.865
0287_512_512.jpg,0.7681,0.7577
0287_512_768.jpg,0.7841,0.7787
0287_768_0.jpg,0.8877,0.8782
0287_768_1024.jpg,0.8853,0.8809
0287_768_1280.jpg,0.736,0.7302
0287_768_1536.jpg,0.7229,0.7133
0287_768_256.jpg,0.8356,0.8246
0287_768_512.jpg,0.7732,0.7678
0287_768_768.jpg,0.6714,0.6648
0295_0_0.jpg,0.9009,0.8618
0295_0_1024.jpg,0.9374,0.9239
0295_0_1280.jpg,0.9234,0.91
0295_0_1536.jpg,0.8958,0.8819
0295_0_256.jpg,0.9226,0.8915
0295_0_512.jpg,0.9348,0.9146
0295_0_768.jpg,0.9435,0.9257
0295_1024_0.jpg,0.932,0.9234
0295_1024_1024.jpg,0.9436,0.9341
0295_1024_1280.jpg,0.896,0.887
0295_1024_1536.jpg,0.9407,0.9286
0295_1024_256.jpg,0.9594,0.9501
0295_1024_512.jpg,0.9683,0.9575
0295_1024_768.jpg,0.9636,0.9535
0295_256_0.jpg,0.9073,0.8668
0295_256_1024.jpg,0.9369,0.9127
0295_256_1280.jpg,0.9067,0.8891
0295_256_1536.jpg,0.914,0.8939
0295_256_256.jpg,0.9324,0.9089
0295_256_512.jpg,0.9432,0.9121
0295_256_768.jpg,0.9514,0.922
0295_512_0.jpg,0.9226,0.889
0295_512_1024.jpg,0.8999,0.8797
0295_512_1280.jpg,0.868,0.8537
0295_512_1536.jpg,0.9266,0.9054
0295_512_256.jpg,0.9467,0.9209
0295_512_512.jpg,0.9544,0.9291
0295_512_768.jpg,0.9586,0.9306
0295_768_0.jpg,0.9271,0.8861
0295_768_1024.jpg,0.9194,0.898
0295_768_1280.jpg,0.8041,0.7867
0295_768_1536.jpg,0.9273,0.8931
0295_768_256.jpg,0.9478,0.918
0295_768_512.jpg,0.9548,0.9246
0295_768_768.jpg,0.9608,0.933
0307_0_0.jpg,0.975,0.9683
0307_0_1024.jpg,0.9778,0.9684
0307_0_1280.jpg,0.9786,0.9717
0307_0_1536.jpg,0.986,0.9778
0307_0_256.jpg,0.9723,0.966
0307_0_512.jpg,0.9687,0.9553
0307_0_768.jpg,0.9754,0.9677
0307_1024_0.jpg,0.9826,0.9776
0307_1024_1024.jpg,0.9102,0.8997
0307_1024_1280.jpg,0.9279,0.9221
0307_1024_1536.jpg,0.8846,0.8773
0307_1024_256.jpg,0.9744,0.9682
0307_1024_512.jpg,0.9764,0.9707
0307_1024_768.jpg,0.9343,0.9257
0307_256_0.jpg,0.9295,0.9195
0307_256_1024.jpg,0.9293,0.9253
0307_256_1280.jpg,0.9483,0.9316
0307_256_1536.jpg,0.9696,0.957
0307_256_256.jpg,0.8857,0.877
0307_256_512.jpg,0.9809,0.9743
0307_256_768.jpg,0.9407,0.9356
0307_512_0.jpg,0.8359,0.8304
0307_512_1024.jpg,0.8044,0.8006
0307_512_1280.jpg,0.9032,0.8965
0307_512_1536.jpg,0.9325,0.9246
0307_512_256.jpg,0.8197,0.8142
0307_512_512.jpg,0.9001,0.8928
0307_512_768.jpg,0.7133,0.7098
0307_768_0.jpg,0.9633,0.9556
0307_768_1024.jpg,0.7573,0.7497
0307_768_1280.jpg,0.8484,0.8458
0307_768_1536.jpg,0.8297,0.8248
0307_768_256.jpg,0.9629,0.9552
0307_768_512.jpg,0.96,0.955
0307_768_768.jpg,0.8162,0.8103
0324_0_0.jpg,0.5917,0.5703
0324_0_1024.jpg,0.6376,0.6159
0324_0_256.jpg,0.5759,0.5561
0324_0_512.jpg,0.6175,0.6004
0324_0_768.jpg,0.534,0.5104
0324_1024_0.jpg,0.5372,0.5239
0324_1024_1024.jpg,0.6965,0.688
0324_1024_256.jpg,0.602,0.5874
0324_1024_512.jpg,0.6008,0.5878
0324_1024_768.jpg,0.6479,0.6381
0324_1280_0.jpg,0.3503,0.3413
0324_1280_1024.jpg,0.6331,0.6174
0324_1280_256.jpg,0.4427,0.4317
0324_1280_512.jpg,0.4927,0.4815
0324_1280_768.jpg,0.5423,0.5315
0324_1536_0.jpg,0.416,0.4057
0324_1536_1024.jpg,0.5152,0.5026
0324_1536_256.jpg,0.4281,0.416
0324_1536_512.jpg,0.4736,0.4617
0324_1536_768.jpg,0.5216,0.5079
0324_256_0.jpg,0.4879,0.4665
0324_256_1024.jpg,0.5962,0.5749
0324_256_256.jpg,0.5088,0.4883
0324_256_512.jpg,0.595,0.5769
0324_256_768.jpg,0.5847,0.5639
0324_512_0.jpg,0.5468,0.527
0324_512_1024.jpg,0.6303,0.6184
0324_512_256.jpg,0.5445,0.5249
0324_512_512.jpg,0.5924,0.5793
0324_512_768.jpg,0.5746,0.5564
0324_768_0.jpg,0.5192,0.5012
0324_768_1024.jpg,0.6629,0.6507
0324_768_256.jpg,0.5664,0.5506
0324_768_512.jpg,0.5603,0.5465
0324_768_768.jpg,0.615,0.6019
0328_0_0.jpg,0.8635,0.8551
0328_0_1024.jpg,0.8572,0.8307
0328_0_1280.jpg,0.9251,0.8987
0328_0_1536.jpg,0.9309,0.9055
0328_0_256.jpg,0.9484,0.9409
0328_0_512.jpg,0.8947,0.8842
0328_0_768.jpg,0.8427,0.8207
0328_1024_0.jpg,0.8891,0.8793
0328_1024_1024.jpg,0.6253,0.6149
0328_1024_1280.jpg,0.6867,0.6696
0328_1024_1536.jpg,0.7043,0.686
0328_1024_256.jpg,0.5751,0.5655
0328_1024_512.jpg,0.5692,0.5632
0328_1024_768.jpg,0.6108,0.6071
0328_256_0.jpg,0.906,0.8936
0328_256_1024.jpg,0.611,0.5851
0328_256_1280.jpg,0.8187,0.7804
0328_256_1536.jpg,0.8288,0.7964
0328_256_256.jpg,0.7033,0.6942
0328_256_512.jpg,0.4845,0.4802
0328_256_768.jpg,0.4069,0.3969
0328_512_0.jpg,0.8937,0.8817
0328_512_1024.jpg,0.5553,0.5321
0328_512_1280.jpg,0.6636,0.6442
0328_512_1536.jpg,0.7316,0.6866
0328_512_256.jpg,0.4318,0.4239
0328_512_512.jpg,0.4267,0.4218
0328_512_768.jpg,0.4185,0.4087
0328_768_0.jpg,0.9396,0.93
0328_768_1024.jpg,0.561,0.5513
0328_768_1280.jpg,0.7001,0.6477
0328_768_1536.jpg,0.7087,0.6894
0328_768_256.jpg,0.2316,0.2235
0328_768_512.jpg,0.3605,0.3499
0328_768_768.jpg,0.4807,0.4697
0334_0_0.jpg,0.8023,0.7932
0334_0_1024.jpg,0.7864,0.7774
0334_0_1280.jpg,0.8517,0.8393
0334_0_1536.jpg,0.8419,0.8323
0334_0_256.jpg,0.8044,0.7957
0334_0_512.jpg,0.4876,0.4819
0334_0_768.jpg,0.5572,0.5514
0334_1024_0.jpg,0.7663,0.7545
0334_1024_1024.jpg,0.6488,0.6462
0334_1024_1280.jpg,0.5689,0.5648
0334_1024_1536.jpg,0.6732,0.6679
0334_1024_256.jpg,0.7423,0.7339
0334_1024_512.jpg,0.6274,0.62
0334_1024_768.jpg,0.7324,0.7252
0334_256_0.jpg,0.8274,0.8196
0334_256_1024.jpg,0.6984,0.6904
0334_256_1280.jpg,0.8422,0.8309
0334_256_1536.jpg,0.8766,0.8645
0334_256_256.jpg,0.5886,0.5813
0334_256_512.jpg,0.5114,0.5079
0334_256_768.jpg,0.7612,0.757
0334_512_0.jpg,0.7233,0.7171
0334_512_1024.jpg,0.5243,0.5169
0334_512_1280.jpg,0.8702,0.8565
0334_512_1536.jpg,0.7597,0.7529
0334_512_256.jpg,0.511,0.5053
0334_512_512.jpg,0.6976,0.6913
0334_512_768.jpg,0.5265,0.5199
0334_768_0.jpg,0.7257,0.716
0334_768_1024.jpg,0.5245,0.5193
0334_768_1280.jpg,0.7352,0.7266
0334_768_1536.jpg,0.6099,0.6031
0334_768_256.jpg,0.7261,0.7173
0334_768_512.jpg,0.739,0.731
0334_768_768.jpg,0.572,0.5678
0337_0_0.jpg,0.9444,0.9265
0337_0_1024.jpg,0.9546,0.9459
0337_0_1280.jpg,0.9492,0.9389
0337_0_256.jpg,0.9675,0.9002
0337_0_512.jpg,0.9119,0.8975
0337_0_768.jpg,0.9342,0.9225
0337_1024_0.jpg,0.9233,0.9082
0337_1024_1024.jpg,0.8149,0.7863
0337_1024_1280.jpg,0.9151,0.8989
0337_1024_256.jpg,0.8514,0.8235
0337_1024_512.jpg,0.7882,0.7231
0337_1024_768.jpg,0.8388,0.7979
0337_1280_0.jpg,0.9802,0.9557
0337_1280_1024.jpg,0.8873,0.8597
0337_1280_1280.jpg,0.9428,0.9102
0337_1280_256.jpg,0.8633,0.8412
0337_1280_512.jpg,0.8684,0.7934
0337_1280_768.jpg,0.8362,0.7959
0337_1536_0.jpg,0.9763,0.8718
0337_1536_1024.jpg,0.8992,0.8717
0337_1536_1280.jpg,0.9803,0.9655
0337_1536_256.jpg,0.9828,0.855
0337_1536_512.jpg,0.9456,0.8146
0337_1536_768.jpg,0.9591,0.8576
0337_256_0.jpg,0.9734,0.9607
0337_256_1024.jpg,0.9583,0.9476
0337_256_1280.jpg,0.9359,0.9256
0337_256_256.jpg,0.9549,0.9091
0337_256_512.jpg,0.9628,0.8627
0337_256_768.jpg,0.9603,0.9306
0337_512_0.jpg,0.943,0.9243
0337_512_1024.jpg,0.9122,0.89
0337_512_1280.jpg,0.9247,0.913
0337_512_256.jpg,0.8784,0.8482
0337_512_512.jpg,0.8861,0.8449
0337_512_768.jpg,0.9339,0.894
0337_768_0.jpg,0.9298,0.9153
0337_768_1024.jpg,0.8839,0.8649
0337_768_1280.jpg,0.8853,0.8752
0337_768_256.jpg,0.8303,0.8007
0337_768_512.jpg,0.7611,0.7271
0337_768_768.jpg,0.794,0.7349
0347_0_0.jpg,0.9886,0.9784
0347_0_1024.jpg,0.9831,0.9359
0347_0_1280.jpg,0.9898,0.9621
0347_0_1536.jpg,0.9854,0.977
0347_0_256.jpg,0.9893,0.8617
0347_0_512.jpg,0.976,0.9703
0347_0_768.jpg,0.9427,0.9181
0347_1024_0.jpg,0.9868,0.9622
0347_1024_1024.jpg,0.5434,0.5326
0347_1024_1280.jpg,0.5829,0.5727
0347_1024_1536.jpg,0.7824,0.7577
0347_1024_256.jpg,0.7908,0.7644
0347_1024_512.jpg,0.3965,0.386
0347_1024_768.jpg,0.4527,0.4413
0347_1280_0.jpg,0.8161,0.7895
0347_1280_1024.jpg,0.5997,0.5888
0347_1280_1280.jpg,0.6118,0.602
0347_1280_1536.jpg,0.6644,0.6476
0347_1280_256.jpg,0.6593,0.6496
0347_1280_512.jpg,0.5678,0.5653
0347_1280_768.jpg,0.6106,0.604
0347_1536_0.jpg,0.5464,0.5393
0347_1536_1024.jpg,0.5508,0.5337
0347_1536_1280.jpg,0.5932,0.5798
0347_1536_1536.jpg,0.6058,0.5904
0347_1536_256.jpg,0.5309,0.5233
0347_1536_512.jpg,0.5249,0.5116
0347_1536_768.jpg,0.5555,0.5414
0347_256_0.jpg,0.9854,0.979
0347_256_1024.jpg,0.8775,0.8702
0347_256_1280.jpg,0.974,0.9674
0347_256_1536.jpg,0.9826,0.9729
0347_256_256.jpg,0.9841,0.9774
0347_256_512.jpg,0.9619,0.9609
0347_256_768.jpg,0.6855,0.6821
0347_512_0.jpg,0.9825,0.9749
0347_512_1024.jpg,0.6151,0.6003
0347_512_1280.jpg,0.7659,0.7678
0347_512_1536.jpg,0.9681,0.9632
0347_512_256.jpg,0.9866,0.9459
0347_512_512.jpg,0.8219,0.8122
0347_512_768.jpg,0.4735,0.4691
0347_768_0.jpg,0.9804,0.9706
0347_768_1024.jpg,0.4931,0.4825
0347_768_1280.jpg,0.5052,0.4953
0347_768_1536.jpg,0.8807,0.841
0347_768_256.jpg,0.9791,0.9664
0347_768_512.jpg,0.586,0.5771
0347_768_768.jpg,0.5082,0.5015
0358_0_0.jpg,0.9068,0.908
0358_0_1024.jpg,0.8861,0.876
0358_0_1280.jpg,0.8955,0.8868
0358_0_1536.jpg,0.8781,0.8702
0358_0_256.jpg,0.9341,0.933
0358_0_512.jpg,0.9419,0.9385
0358_0_768.jpg,0.8635,0.8528
0358_1024_0.jpg,0.6633,0.6699
0358_1024_1024.jpg,0.5404,0.5292
0358_1024_1280.jpg,0.7001,0.6913
0358_1024_1536.jpg,0.8133,0.8053
0358_1024_256.jpg,0.8146,0.816
0358_1024_512.jpg,0.7754,0.7706
0358_1024_768.jpg,0.6016,0.5897
0358_256_0.jpg,0.8775,0.8784
0358_256_1024.jpg,0.5081,0.5017
0358_256_1280.jpg,0.7853,0.7801
0358_256_1536.jpg,0.8188,0.8133
0358_256_256.jpg,0.8599,0.856
0358_256_512.jpg,0.8909,0.8911
0358_256_768.jpg,0.5757,0.5668
0358_512_0.jpg,0.7902,0.789
0358_512_1024.jpg,0.661,0.6544
0358_512_1280.jpg,0.6361,0.6257
0358_512_1536.jpg,0.8377,0.8312
0358_512_256.jpg,0.8283,0.8249
0358_512_512.jpg,0.8353,0.8417
0358_512_768.jpg,0.7747,0.7721
0358_768_0.jpg,0.6541,0.6571
0358_768_1024.jpg,0.615,0.6069
0358_768_1280.jpg,0.6919,0.6884
0358_768_1536.jpg,0.8175,0.8122
0358_768_256.jpg,0.8652,0.8605
0358_768_512.jpg,0.8666,0.868
0358_768_768.jpg,0.7656,0.767
0361_0_0.jpg,0.904,0.8774
0361_0_1024.jpg,0.7702,0.7232
0361_0_1280.jpg,0.7034,0.6795
0361_0_256.jpg,0.8739,0.8475
0361_0_512.jpg,0.8556,0.8244
0361_0_768.jpg,0.8734,0.8116
0361_1024_0.jpg,0.7758,0.7735
0361_1024_1024.jpg,0.7661,0.7575
0361_1024_1280.jpg,0.8327,0.8237
0361_1024_256.jpg,0.7814,0.7815
0361_1024_512.jpg,0.5907,0.5827
0361_1024_768.jpg,0.4783,0.4684
0361_1280_0.jpg,0.5584,0.5427
0361_1280_1024.jpg,0.8286,0.8219
0361_1280_1280.jpg,0.8042,0.796
0361_1280_256.jpg,0.5266,0.5108
0361_1280_512.jpg,0.5911,0.5747
0361_1280_768.jpg,0.5842,0.5707
0361_1536_0.jpg,0.6598,0.6459
0361_1536_1024.jpg,0.8489,0.8335
0361_1536_1280.jpg,0.7595,0.7486
0361_1536_256.jpg,0.636,0.6249
0361_1536_512.jpg,0.6423,0.6267
0361_1536_768.jpg,0.5957,0.5816
0361_256_0.jpg,0.8415,0.8375
0361_256_1024.jpg,0.7008,0.6879
0361_256_1280.jpg,0.618,0.5895
0361_256_256.jpg,0.7834,0.7806
0361_256_512.jpg,0.7474,0.7366
0361_256_768.jpg,0.7775,0.7606
0361_512_0.jpg,0.8261,0.8222
0361_512_1024.jpg,0.6815,0.672
0361_512_1280.jpg,0.5998,0.5741
0361_512_256.jpg,0.7459,0.7402
0361_512_512.jpg,0.7011,0.6955
0361_512_768.jpg,0.7138,0.7098
0361_768_0.jpg,0.8834,0.8789
0361_768_1024.jpg,0.6624,0.6581
0361_768_1280.jpg,0.7058,0.6966
0361_768_256.jpg,0.6825,0.6675
0361_768_512.jpg,0.6491,0.6461
0361_768_768.jpg,0.589,0.5862
0366_0_0.jpg,0.7903,0.7963
0366_0_1024.jpg,0.793,0.7954
0366_0_1280.jpg,0.8173,0.8152
0366_0_1536.jpg,0.8262,0.8279
0366_0_256.jpg,0.6791,0.6891
0366_0_512.jpg,0.6931,0.7016
0366_0_768.jpg,0.7449,0.7463
0366_1024_0.jpg,0.7681,0.7571
0366_1024_1024.jpg,0.6707,0.6664
0366_1024_1280.jpg,0.6787,0.6696
0366_1024_1536.jpg,0.6969,0.6869
0366_1024_256.jpg,0.8673,0.8615
0366_1024_512.jpg,0.7506,0.7478
0366_1024_768.jpg,0.8,0.7955
0366_256_0.jpg,0.7085,0.718
0366_256_1024.jpg,0.7458,0.7571
0366_256_1280.jpg,0.7935,0.8007
0366_256_1536.jpg,0.86,0.8631
0366_256_256.jpg,0.6817,0.6825
0366_256_512.jpg,0.6756,0.6891
0366_256_768.jpg,0.7029,0.7101
0366_512_0.jpg,0.7318,0.7331
0366_512_1024.jpg,0.6957,0.7102
0366_512_1280.jpg,0.7402,0.7508
0366_512_1536.jpg,0.8464,0.8517
0366_512_256.jpg,0.7609,0.7579
0366_512_512.jpg,0.7305,0.7267
0366_512_768.jpg,0.7453,0.746
0366_768_0.jpg,0.7867,0.7852
0366_768_1024.jpg,0.7439,0.7456
0366_768_1280.jpg,0.6775,0.6863
0366_768_1536.jpg,0.7661,0.7675
0366_768_256.jpg,0.7974,0.7929
0366_768_512.jpg,0.8104,0.8065
0366_768_768.jpg,0.7931,0.7933
0369_0_0.jpg,0.4455,0.4357
0369_0_1024.jpg,0.7176,0.7096
0369_0_1280.jpg,0.5986,0.5907
0369_0_1536.jpg,0.6345,0.6294
0369_0_256.jpg,0.5769,0.5745
0369_0_512.jpg,0.7137,0.7063
0369_0_768.jpg,0.7615,0.7534
0369_1024_0.jpg,0.4539,0.4439
0369_1024_1024.jpg,0.4462,0.4428
0369_1024_1280.jpg,0.5446,0.5394
0369_1024_1536.jpg,0.586,0.5807
0369_1024_256.jpg,0.5087,0.504
0369_1024_512.jpg,0.5176,0.5133
0369_1024_768.jpg,0.5417,0.5387
0369_256_0.jpg,0.5909,0.5813
0369_256_1024.jpg,0.673,0.6602
0369_256_1280.jpg,0.7056,0.6954
0369_256_1536.jpg,0.7903,0.7835
0369_256_256.jpg,0.7192,0.7095
0369_256_512.jpg,0.7472,0.7265
0369_256_768.jpg,0.6374,0.6234
0369_512_0.jpg,0.5946,0.5872
0369_512_1024.jpg,0.6242,0.6096
0369_512_1280.jpg,0.6652,0.6576
0369_512_1536.jpg,0.8043,0.7893
0369_512_256.jpg,0.7253,0.7089
0369_512_512.jpg,0.6913,0.6752
0369_512_768.jpg,0.6355,0.6211
0369_768_0.jpg,0.5642,0.5581
0369_768_1024.jpg,0.5891,0.5808
0369_768_1280.jpg,0.6232,0.6178
0369_768_1536.jpg,0.762,0.7561
0369_768_256.jpg,0.6737,0.6641
0369_768_512.jpg,0.6232,0.6174
0369_768_768.jpg,0.6207,0.6158
0378_0_0.jpg,0.8837,0.8678
0378_0_1024.jpg,0.4517,0.443
0378_0_1280.jpg,0.5595,0.5493
0378_0_1536.jpg,0.5861,0.5739
0378_0_256.jpg,0.7777,0.7682
0378_0_512.jpg,0.7107,0.6948
0378_0_768.jpg,0.5615,0.5511
0378_1024_0.jpg,0.699,0.6851
0378_1024_1024.jpg,0.7092,0.6942
0378_1024_1280.jpg,0.818,0.8073
0378_1024_1536.jpg,0.9208,0.9121
0378_1024_256.jpg,0.7605,0.7457
0378_1024_512.jpg,0.7065,0.6895
0378_1024_768.jpg,0.6588,0.6422
0378_1280_0.jpg,0.7316,0.7203
0378_1280_1024.jpg,0.5346,0.5189
0378_1280_1280.jpg,0.6577,0.6465
0378_1280_1536.jpg,0.5823,0.5679
0378_1280_256.jpg,0.7012,0.6886
0378_1280_512.jpg,0.6227,0.6083
0378_1280_768.jpg,0.6881,0.6742
0378_256_0.jpg,0.7547,0.7428
0378_256_1024.jpg,0.6896,0.6747
0378_256_1280.jpg,0.666,0.6537
0378_256_1536.jpg,0.5934,0.5797
0378_256_256.jpg,0.6622,0.6472
0378_256_512.jpg,0.8296,0.8061
0378_256_768.jpg,0.7939,0.7713
0378_512_0.jpg,0.6921,0.6779
0378_512_1024.jpg,0.7785,0.7648
0378_512_1280.jpg,0.8455,0.8223
0378_512_1536.jpg,0.7824,0.7515
0378_512_256.jpg,0.8088,0.7471
0378_512_512.jpg,0.8712,0.7966
0378_512_768.jpg,0.7953,0.7798
0378_768_0.jpg,0.7198,0.7001
0378_768_1024.jpg,0.7713,0.7552
0378_768_1280.jpg,0.7371,0.7272
0378_768_1536.jpg,0.7517,0.7298
0378_768_256.jpg,0.8574,0.8375
0378_768_512.jpg,0.8987,0.8279
0378_768_768.jpg,0.7317,0.7184
0384_0_0.jpg,0.7978,0.7901
0384_0_1024.jpg,0.9948,0.9929
0384_0_1280.jpg,0.9954,0.9936
0384_0_1536.jpg,0.9441,0.9413
0384_0_256.jpg,0.8856,0.8819
0384_0_512.jpg,0.9776,0.9756
0384_0_768.jpg,0.9956,0.9934
0384_1024_0.jpg,0.5712,0.5492
0384_1024_1024.jpg,0.6919,0.6736
0384_1024_1280.jpg,0.6668,0.6496
0384_1024_1536.jpg,0.6472,0.629
0384_1024_256.jpg,0.5181,0.5023
0384_1024_512.jpg,0.5211,0.5058
0384_1024_768.jpg,0.7685,0.748
0384_256_0.jpg,0.5496,0.5422
0384_256_1024.jpg,0.8384,0.8349
0384_256_1280.jpg,0.7882,0.7822
0384_256_1536.jpg,0.5416,0.5297
0384_256_256.jpg,0.5617,0.5522
0384_256_512.jpg,0.6241,0.6133
0384_256_768.jpg,0.8284,0.8214
0384_512_0.jpg,0.5079,0.4962
0384_512_1024.jpg,0.4865,0.4665
0384_512_1280.jpg,0.5602,0.5482
0384_512_1536.jpg,0.6208,0.6058
0384_512_256.jpg,0.5345,0.5225
0384_512_512.jpg,0.5582,0.5434
0384_512_768.jpg,0.5084,0.4826
0384_768_0.jpg,0.7832,0.7732
0384_768_1024.jpg,0.7126,0.6995
0384_768_1280.jpg,0.7236,0.7171
0384_768_1536.jpg,0.7142,0.7012
0384_768_256.jpg,0.7158,0.705
0384_768_512.jpg,0.6738,0.6605
0384_768_768.jpg,0.6789,0.6622
0396_0_0.jpg,0.9765,0.9671
0396_0_1024.jpg,0.9923,0.9841
0396_0_1280.jpg,0.9889,0.9813
0396_0_1536.jpg,0.9749,0.9735
0396_0_256.jpg,0.9892,0.9819
0396_0_512.jpg,0.9846,0.9772
0396_0_768.jpg,0.9918,0.9849
0396_1024_0.jpg,0.652,0.636
0396_1024_1024.jpg,0.639,0.6164
0396_1024_1280.jpg,0.6721,0.6505
0396_1024_1536.jpg,0.8296,0.818
0396_1024_256.jpg,0.552,0.5313
0396_1024_512.jpg,0.5901,0.575
0396_1024_768.jpg,0.6985,0.6762
0396_256_0.jpg,0.9683,0.9693
0396_256_1024.jpg,0.9798,0.9753
0396_256_1280.jpg,0.9748,0.9734
0396_256_1536.jpg,0.9658,0.9686
0396_256_256.jpg,0.9763,0.9756
0396_256_512.jpg,0.9789,0.9754
0396_256_768.jpg,0.9813,0.9626
0396_512_0.jpg,0.9565,0.9537
0396_512_1024.jpg,0.9466,0.9378
0396_512_1280.jpg,0.9543,0.947
0396_512_1536.jpg,0.9474,0.9385
0396_512_256.jpg,0.947,0.9356
0396_512_512.jpg,0.9087,0.8986
0396_512_768.jpg,0.9513,0.9436
0396_768_0.jpg,0.7647,0.7508
0396_768_1024.jpg,0.7583,0.7412
0396_768_1280.jpg,0.7946,0.7799
0396_768_1536.jpg,0.8288,0.8104
0396_768_256.jpg,0.7459,0.7342
0396_768_512.jpg,0.7452,0.7321
0396_768_768.jpg,0.7536,0.7434
0399_0_0.jpg,0.9964,0.9901
0399_0_1024.jpg,0.9259,0.9184
0399_0_256.jpg,0.9966,0.9889
0399_0_512.jpg,0.9131,0.9067
0399_0_768.jpg,0.8036,0.7946
0399_1024_0.jpg,0.8361,0.6539
0399_1024_1024.jpg,0.457,0.4545
0399_1024_256.jpg,0.5259,0.5237
0399_1024_512.jpg,0.4721,0.4677
0399_1024_768.jpg,0.4479,0.4451
0399_1280_0.jpg,0.6746,0.6636
0399_1280_1024.jpg,0.4744,0.4719
0399_1280_256.jpg,0.5323,0.5301
0399_1280_512.jpg,0.5103,0.5041
0399_1280_768.jpg,0.4469,0.4429
0399_1536_0.jpg,0.6708,0.6643
0399_1536_1024.jpg,0.5456,0.5346
0399_1536_256.jpg,0.6169,0.6116
0399_1536_512.jpg,0.5906,0.5821
0399_1536_768.jpg,0.5582,0.5444
0399_256_0.jpg,0.9967,0.9804
0399_256_1024.jpg,0.6959,0.6767
0399_256_256.jpg,0.9699,0.8934
0399_256_512.jpg,0.5985,0.591
0399_256_768.jpg,0.5109,0.5086
0399_512_0.jpg,0.9968,0.7347
0399_512_1024.jpg,0.6198,0.5223
0399_512_256.jpg,0.6971,0.547
0399_512_512.jpg,0.4578,0.4556
0399_512_768.jpg,0.4618,0.4616
0399_768_0.jpg,0.8604,0.6229
0399_768_1024.jpg,0.545,0.5297
0399_768_256.jpg,0.5453,0.5424
0399_768_512.jpg,0.4345,0.4335
0399_768_768.jpg,0.4817,0.4806
0423_0_0.jpg,0.9824,0.9678
0423_0_1024.jpg,0.8662,0.8474
0423_0_1280.jpg,0.976,0.9508
0423_0_1536.jpg,0.9822,0.9591
0423_0_256.jpg,0.9844,0.9687
0423_0_512.jpg,0.9557,0.9384
0423_0_768.jpg,0.8817,0.8583
0423_1024_0.jpg,0.6106,0.5903
0423_1024_1024.jpg,0.6773,0.6626
0423_1024_1280.jpg,0.6663,0.6524
0423_1024_1536.jpg,0.6779,0.6643
0423_1024_256.jpg,0.6333,0.6136
0423_1024_512.jpg,0.6858,0.6712
0423_1024_768.jpg,0.6694,0.6551
0423_256_0.jpg,0.9753,0.9543
0423_256_1024.jpg,0.7007,0.676
0423_256_1280.jpg,0.7438,0.7246
0423_256_1536.jpg,0.9839,0.9605
0423_256_256.jpg,0.9129,0.8945
0423_256_512.jpg,0.7859,0.7664
0423_256_768.jpg,0.7256,0.7039
0423_512_0.jpg,0.9698,0.9507
0423_512_1024.jpg,0.7487,0.731
0423_512_1280.jpg,0.6785,0.6619
0423_512_1536.jpg,0.7415,0.7284
0423_512_256.jpg,0.8408,0.8166
0423_512_512.jpg,0.7544,0.7367
0423_512_768.jpg,0.781,0.759
0423_768_0.jpg,0.9134,0.8917
0423_768_1024.jpg,0.7544,0.7408
0423_768_1280.jpg,0.7818,0.7663
0423_768_1536.jpg,0.8599,0.8465
0423_768_256.jpg,0.9162,0.8995
0423_768_512.jpg,0.8101,0.8005
0423_768_768.jpg,0.831,0.8217
0424_0_0.jpg,0.835,0.825
0424_0_1024.jpg,0.9718,0.967
0424_0_1280.jpg,0.9627,0.9527
0424_0_1536.jpg,0.9561,0.8115
0424_0_256.jpg,0.9054,0.8984
0424_0_512.jpg,0.9241,0.9206
0424_0_768.jpg,0.9741,0.9728
0424_1024_0.jpg,0.9245,0.9188
0424_1024_1024.jpg,0.9561,0.9564
0424_1024_1280.jpg,0.9681,0.969
0424_1024_1536.jpg,0.9591,0.9574
0424_1024_256.jpg,0.8914,0.8821
0424_1024_512.jpg,0.8972,0.889
0424_1024_768.jpg,0.9075,0.9022
0424_256_0.jpg,0.7259,0.7044
0424_256_1024.jpg,0.9629,0.9573
0424_256_1280.jpg,0.9654,0.9617
0424_256_1536.jpg,0.9392,0.9341
0424_256_256.jpg,0.7512,0.7426
0424_256_512.jpg,0.8678,0.8615
0424_256_768.jpg,0.9142,0.9049
0424_512_0.jpg,0.6744,0.6524
0424_512_1024.jpg,0.8669,0.8571
0424_512_1280.jpg,0.936,0.9315
0424_512_1536.jpg,0.9204,0.9115
0424_512_256.jpg,0.7085,0.6962
0424_512_512.jpg,0.7224,0.7152
0424_512_768.jpg,0.8285,0.8193
0424_768_0.jpg,0.6921,0.6751
0424_768_1024.jpg,0.8688,0.8573
0424_768_1280.jpg,0.9646,0.9624
0424_768_1536.jpg,0.9606,0.955
0424_768_256.jpg,0.8133,0.786
0424_768_512.jpg,0.8212,0.7885
0424_768_768.jpg,0.7841,0.7681
0447_0_0.jpg,0.9893,0.9813
0447_0_1024.jpg,0.9571,0.9512
0447_0_1280.jpg,0.9948,0.988
0447_0_1536.jpg,0.9281,0.8578
0447_0_256.jpg,0.989,0.9827
0447_0_512.jpg,0.9899,0.985
0447_0_768.jpg,0.9931,0.9869
0447_1024_0.jpg,0.6452,0.6184
0447_1024_1024.jpg,0.5604,0.5553
0447_1024_1280.jpg,0.5341,0.5212
0447_1024_1536.jpg,0.5444,0.5347
0447_1024_256.jpg,0.6263,0.6174
0447_1024_512.jpg,0.6094,0.5987
0447_1024_768.jpg,0.5734,0.5284
0447_1280_0.jpg,0.6125,0.551
0447_1280_1024.jpg,0.5889,0.5828
0447_1280_1280.jpg,0.59,0.584
0447_1280_1536.jpg,0.5923,0.5761
0447_1280_256.jpg,0.5436,0.535
0447_1280_512.jpg,0.6245,0.6161
0447_1280_768.jpg,0.5131,0.506
0447_256_0.jpg,0.9928,0.9868
0447_256_1024.jpg,0.8549,0.8518
0447_256_1280.jpg,0.9791,0.9716
0447_256_1536.jpg,0.702,0.6808
0447_256_256.jpg,0.9687,0.9643
0447_256_512.jpg,0.8491,0.8435
0447_256_768.jpg,0.96,0.9493
0447_512_0.jpg,0.8987,0.888
0447_512_1024.jpg,0.5974,0.5869
0447_512_1280.jpg,0.8021,0.7899
0447_512_1536.jpg,0.6161,0.6064
0447_512_256.jpg,0.714,0.703
0447_512_512.jpg,0.6081,0.5966
0447_512_768.jpg,0.8611,0.8395
0447_768_0.jpg,0.7509,0.6796
0447_768_1024.jpg,0.5235,0.4996
0447_768_1280.jpg,0.5423,0.5315
0447_768_1536.jpg,0.5371,0.5185
0447_768_256.jpg,0.616,0.5996
0447_768_512.jpg,0.5449,0.5214
0447_768_768.jpg,0.7702,0.6183
0457_0_0.jpg,0.9975,0.9933
0457_0_256.jpg,0.9974,0.9928
0457_0_512.jpg,0.9819,0.9768
0457_0_768.jpg,0.9979,0.9926
0457_1024_0.jpg,0.5828,0.5791
0457_1024_256.jpg,0.5883,0.5812
0457_1024_512.jpg,0.544,0.5372
0457_1024_768.jpg,0.5845,0.6009
0457_1280_0.jpg,0.6362,0.6283
0457_1280_256.jpg,0.6451,0.64
0457_1280_512.jpg,0.6588,0.6502
0457_1280_768.jpg,0.6372,0.6501
0457_1536_0.jpg,0.62,0.6184
0457_1536_256.jpg,0.6581,0.6522
0457_1536_512.jpg,0.6581,0.6555
0457_1536_768.jpg,0.6547,0.6614
0457_256_0.jpg,0.9974,0.9764
0457_256_256.jpg,0.998,0.9883
0457_256_512.jpg,0.8696,0.8477
0457_256_768.jpg,0.9976,0.96
0457_512_0.jpg,0.9278,0.8434
0457_512_256.jpg,0.8633,0.8121
0457_512_512.jpg,0.6648,0.587
0457_512_768.jpg,0.9376,0.7658
0457_768_0.jpg,0.5172,0.5064
0457_768_256.jpg,0.518,0.5069
0457_768_512.jpg,0.5312,0.513
0457_768_768.jpg,0.5394,0.5289
0482_0_0.jpg,0.8284,0.8202
0482_0_1024.jpg,0.669,0.6532
0482_0_1280.jpg,0.6586,0.6527
0482_0_1536.jpg,0.7489,0.7456
0482_0_256.jpg,0.7811,0.7793
0482_0_512.jpg,0.7433,0.7328
0482_0_768.jpg,0.6397,0.6366
0482_1024_0.jpg,0.8704,0.8635
0482_1024_1024.jpg,0.7198,0.7145
0482_1024_1280.jpg,0.6405,0.6332
0482_1024_1536.jpg,0.7513,0.7464
0482_1024_256.jpg,0.8123,0.8088
0482_1024_512.jpg,0.8165,0.8094
0482_1024_768.jpg,0.8523,0.8483
0482_256_0.jpg,0.7604,0.7503
0482_256_1024.jpg,0.6442,0.6326
0482_256_1280.jpg,0.6251,0.6239
0482_256_1536.jpg,0.7204,0.7156
0482_256_256.jpg,0.7615,0.7566
0482_256_512.jpg,0.681,0.6714
0482_256_768.jpg,0.6798,0.6772
0482_512_0.jpg,0.6983,0.6865
0482_512_1024.jpg,0.5926,0.5794
0482_512_1280.jpg,0.6128,0.6011
0482_512_1536.jpg,0.6166,0.6041
0482_512_256.jpg,0.6604,0.6482
0482_512_512.jpg,0.6367,0.6236
0482_512_768.jpg,0.5814,0.5691
0482_768_0.jpg,0.7484,0.7366
0482_768_1024.jpg,0.5846,0.5784
0482_768_1280.jpg,0.5997,0.5902
0482_768_1536.jpg,0.5986,0.5852
0482_768_256.jpg,0.7017,0.6901
0482_768_512.jpg,0.6879,0.68
0482_768_768.jpg,0.6208,0.6152
0487_0_0.jpg,0.8157,0.7974
0487_0_1024.jpg,0.6574,0.6467
0487_0_1280.jpg,0.7663,0.7587
0487_0_1536.jpg,0.6307,0.6259
0487_0_256.jpg,0.6383,0.632
0487_0_512.jpg,0.6911,0.6821
0487_0_768.jpg,0.7152,0.691
0487_1024_0.jpg,0.3642,0.3548
0487_1024_1024.jpg,0.4733,0.4591
0487_1024_1280.jpg,0.5155,0.4969
0487_1024_1536.jpg,0.5529,0.5309
0487_1024_256.jpg,0.3727,0.3603
0487_1024_512.jpg,0.3794,0.3642
0487_1024_768.jpg,0.4218,0.4048
0487_256_0.jpg,0.9191,0.9016
0487_256_1024.jpg,0.6875,0.6815
0487_256_1280.jpg,0.7618,0.7627
0487_256_1536.jpg,0.835,0.8261
0487_256_256.jpg,0.6038,0.5951
0487_256_512.jpg,0.6787,0.6754
0487_256_768.jpg,0.6471,0.6409
0487_512_0.jpg,0.8872,0.8706
0487_512_1024.jpg,0.6925,0.6931
0487_512_1280.jpg,0.8888,0.8825
0487_512_1536.jpg,0.7739,0.7678
0487_512_256.jpg,0.5398,0.5302
0487_512_512.jpg,0.7425,0.7405
0487_512_768.jpg,0.6963,0.6909
0487_768_0.jpg,0.8128,0.7941
0487_768_1024.jpg,0.541,0.5363
0487_768_1280.jpg,0.7329,0.7228
0487_768_1536.jpg,0.6078,0.5995
0487_768_256.jpg,0.5031,0.4798
0487_768_512.jpg,0.6817,0.6745
0487_768_768.jpg,0.574,0.5638
0491_0_0.jpg,0.9271,0.9161
0491_0_1024.jpg,0.9973,0.9679
0491_0_1280.jpg,0.9525,0.8781
0491_0_1536.jpg,0.3608,0.352
0491_0_256.jpg,0.9971,0.9873
0491_0_512.jpg,0.9966,0.9519
0491_0_768.jpg,0.9971,0.8978
0491_1024_0.jpg,0.4878,0.4817
0491_1024_1024.jpg,0.3982,0.3909
0491_1024_1280.jpg,0.4277,0.4211
0491_1024_1536.jpg,0.4053,0.4011
0491_1024_256.jpg,0.4485,0.4419
0491_1024_512.jpg,0.4355,0.4269
0491_1024_768.jpg,0.3825,0.3747
0491_256_0.jpg,0.4669,0.4581
0491_256_1024.jpg,0.7522,0.7438
0491_256_1280.jpg,0.5243,0.5134
0491_256_1536.jpg,0.2868,0.2811
0491_256_256.jpg,0.5661,0.5582
0491_256_512.jpg,0.6022,0.5928
0491_256_768.jpg,0.8448,0.8329
0491_512_0.jpg,0.3468,0.3427
0491_512_1024.jpg,0.4843,0.4764
0491_512_1280.jpg,0.356,0.3505
0491_512_1536.jpg,0.3329,0.327
0491_512_256.jpg,0.3692,0.3639
0491_512_512.jpg,0.4946,0.4843
0491_512_768.jpg,0.4952,0.4871
0491_768_0.jpg,0.425,0.4224
0491_768_1024.jpg,0.4347,0.4285
0491_768_1280.jpg,0.467,0.4612
0491_768_1536.jpg,0.4339,0.4254
0491_768_256.jpg,0.3816,0.3756
0491_768_512.jpg,0.4436,0.4382
0491_768_768.jpg,0.4418,0.4367
0526_0_0.jpg,0.5197,0.515
0526_0_1024.jpg,0.5677,0.5603
0526_0_1280.jpg,0.4021,0.3954
0526_0_1536.jpg,0.4459,0.441
0526_0_256.jpg,0.4699,0.4619
0526_0_512.jpg,0.5115,0.5039
0526_0_768.jpg,0.5885,0.5808
0526_1024_0.jpg,0.6122,0.6056
0526_1024_1024.jpg,0.4771,0.4663
0526_1024_1280.jpg,0.5148,0.505
0526_1024_1536.jpg,0.5911,0.5863
0526_1024_256.jpg,0.5488,0.5411
0526_1024_512.jpg,0.4686,0.4626
0526_1024_768.jpg,0.5327,0.5234
0526_256_0.jpg,0.4898,0.4866
0526_256_1024.jpg,0.5817,0.5739
0526_256_1280.jpg,0.3879,0.38
0526_256_1536.jpg,0.4174,0.4115
0526_256_256.jpg,0.3935,0.3833
0526_256_512.jpg,0.438,0.4311
0526_256_768.jpg,0.6214,0.6125
0526_512_0.jpg,0.3213,0.3128
0526_512_1024.jpg,0.4806,0.4711
0526_512_1280.jpg,0.3572,0.349
0526_512_1536.jpg,0.2695,0.2591
0526_512_256.jpg,0.2943,0.2825
0526_512_512.jpg,0.3953,0.3895
0526_512_768.jpg,0.3633,0.3538
0526_768_0.jpg,0.4648,0.4584
0526_768_1024.jpg,0.3657,0.3574
0526_768_1280.jpg,0.2885,0.278
0526_768_1536.jpg,0.3346,0.3259
0526_768_256.jpg,0.3371,0.3281
0526_768_512.jpg,0.3196,0.3122
0526_768_768.jpg,0.3623,0.3492
0527_0_0.jpg,0.9937,0.946
0527_0_1024.jpg,0.9523,0.9468
0527_0_1280.jpg,0.9946,0.9906
0527_0_1536.jpg,0.994,0.9855
0527_0_256.jpg,0.9948,0.8296
0527_0_512.jpg,0.9937,0.8551
0527_0_768.jpg,0.9926,0.9853
0527_256_0.jpg,0.992,0.9045
0527_256_1024.jpg,0.7278,0.7153
0527_256_1280.jpg,0.7888,0.7809
0527_256_1536.jpg,0.9302,0.916
0527_256_256.jpg,0.9932,0.9592
0527_256_512.jpg,0.9904,0.9823
0527_256_768.jpg,0.9159,0.9114
0527_512_0.jpg,0.895,0.8802
0527_512_1024.jpg,0.5272,0.5234
0527_512_1280.jpg,0.5303,0.5275
0527_512_1536.jpg,0.5143,0.506
0527_512_256.jpg,0.9829,0.9751
0527_512_512.jpg,0.9342,0.9243
0527_512_768.jpg,0.7185,0.7091
0527_768_0.jpg,0.4635,0.4463
0527_768_1024.jpg,0.48,0.472
0527_768_1280.jpg,0.4958,0.4898
0527_768_1536.jpg,0.5505,0.5408
0527_768_256.jpg,0.5617,0.5464
0527_768_512.jpg,0.5149,0.5043
0527_768_768.jpg,0.4342,0.4241
0530_0_0.jpg,0.984,0.9788
0530_0_1024.jpg,0.8486,0.8214
0530_0_1280.jpg,0.9409,0.8875
0530_0_1536.jpg,0.9766,0.9745
0530_0_256.jpg,0.9829,0.9783
0530_0_512.jpg,0.9795,0.9742
0530_0_768.jpg,0.919,0.8678
0530_1024_0.jpg,0.9789,0.9719
0530_1024_1024.jpg,0.7526,0.7483
0530_1024_1280.jpg,0.7624,0.7415
0530_1024_1536.jpg,0.8979,0.8718
0530_1024_256.jpg,0.982,0.9779
0530_1024_512.jpg,0.9881,0.9812
0530_1024_768.jpg,0.9494,0.9463
0530_256_0.jpg,0.9814,0.9797
0530_256_1024.jpg,0.5428,0.5241
0530_256_1280.jpg,0.6609,0.6097
0530_256_1536.jpg,0.9236,0.8956
0530_256_256.jpg,0.9848,0.978
0530_256_512.jpg,0.9837,0.9777
0530_256_768.jpg,0.7174,0.6993
0530_512_0.jpg,0.9814,0.9796
0530_512_1024.jpg,0.7659,0.737
0530_512_1280.jpg,0.756,0.6962
0530_512_1536.jpg,0.8751,0.8055
0530_512_256.jpg,0.9852,0.9757
0530_512_512.jpg,0.9864,0.9818
0530_512_768.jpg,0.7903,0.7816
0530_768_0.jpg,0.9816,0.9795
0530_768_1024.jpg,0.7999,0.7938
0530_768_1280.jpg,0.8043,0.79
0530_768_1536.jpg,0.9408,0.9162
0530_768_256.jpg,0.9847,0.9757
0530_768_512.jpg,0.9895,0.9836
0530_768_768.jpg,0.9149,0.9072
0534_0_0.jpg,0.9927,0.7769
0534_0_1024.jpg,0.941,0.935
0534_0_1280.jpg,0.7769,0.7651
0534_0_1536.jpg,0.9359,0.9248
0534_0_256.jpg,0.994,0.9649
0534_0_512.jpg,0.9927,0.987
0534_0_768.jpg,0.9899,0.9836
0534_256_0.jpg,0.9832,0.913
0534_256_1024.jpg,0.6753,0.6554
0534_256_1280.jpg,0.6833,0.6781
0534_256_1536.jpg,0.826,0.8087
0534_256_256.jpg,0.9937,0.7461
0534_256_512.jpg,0.9904,0.9363
0534_256_768.jpg,0.988,0.9772
0534_512_0.jpg,0.7239,0.7117
0534_512_1024.jpg,0.6547,0.6457
0534_512_1280.jpg,0.5906,0.5857
0534_512_1536.jpg,0.8012,0.7957
0534_512_256.jpg,0.657,0.6399
0534_512_512.jpg,0.7249,0.6887
0534_512_768.jpg,0.7814,0.7695
0534_768_0.jpg,0.7598,0.7485
0534_768_1024.jpg,0.5362,0.5229
0534_768_1280.jpg,0.5798,0.5667
0534_768_1536.jpg,0.6852,0.6804
0534_768_256.jpg,0.7647,0.7502
0534_768_512.jpg,0.698,0.6795
0534_768_768.jpg,0.6512,0.6376
0535_0_0.jpg,0.9839,0.9831
0535_0_1024.jpg,0.9095,0.8995
0535_0_1280.jpg,0.9492,0.9354
0535_0_1536.jpg,0.978,0.9682
0535_0_256.jpg,0.9743,0.97
0535_0_512.jpg,0.9327,0.9208
0535_0_768.jpg,0.8977,0.8844
0535_1024_0.jpg,0.6896,0.6837
0535_1024_1024.jpg,0.4402,0.4265
0535_1024_1280.jpg,0.4835,0.4626
0535_1024_1536.jpg,0.5805,0.5698
0535_1024_256.jpg,0.6145,0.6114
0535_1024_512.jpg,0.4769,0.475
0535_1024_768.jpg,0.4477,0.4423
0535_256_0.jpg,0.9822,0.9431
0535_256_1024.jpg,0.737,0.7171
0535_256_1280.jpg,0.9791,0.9724
0535_256_1536.jpg,0.9752,0.9667
0535_256_256.jpg,0.9808,0.9614
0535_256_512.jpg,0.9787,0.9744
0535_256_768.jpg,0.7816,0.7712
0535_512_0.jpg,0.688,0.678
0535_512_1024.jpg,0.5355,0.526
0535_512_1280.jpg,0.966,0.9568
0535_512_1536.jpg,0.9904,0.9845
0535_512_256.jpg,0.7222,0.6988
0535_512_512.jpg,0.6695,0.6613
0535_512_768.jpg,0.5148,0.5078
0535_768_0.jpg,0.5949,0.5875
0535_768_1024.jpg,0.4687,0.4599
0535_768_1280.jpg,0.5932,0.5826
0535_768_1536.jpg,0.6529,0.6412
0535_768_256.jpg,0.5693,0.562
0535_768_512.jpg,0.4757,0.4652
0535_768_768.jpg,0.486,0.4789
0546_0_0.jpg,0.9726,0.9649
0546_0_1024.jpg,0.7472,0.7397
0546_0_1280.jpg,0.7708,0.7691
0546_0_1536.jpg,0.8664,0.8541
0546_0_256.jpg,0.923,0.9152
0546_0_512.jpg,0.8482,0.8339
0546_0_768.jpg,0.7675,0.7648
0546_1024_0.jpg,0.8016,0.7813
0546_1024_1024.jpg,0.8308,0.8258
0546_1024_1280.jpg,0.8101,0.8015
0546_1024_1536.jpg,0.7493,0.6664
0546_1024_256.jpg,0.8633,0.8499
0546_1024_512.jpg,0.7914,0.7847
0546_1024_768.jpg,0.8449,0.8373
0546_1280_0.jpg,0.8593,0.8498
0546_1280_1024.jpg,0.9063,0.8957
0546_1280_1280.jpg,0.8262,0.8137
0546_1280_1536.jpg,0.7669,0.744
0546_1280_256.jpg,0.9017,0.8895
0546_1280_512.jpg,0.8125,0.8013
0546_1280_768.jpg,0.8818,0.8693
0546_256_0.jpg,0.7669,0.7562
0546_256_1024.jpg,0.7637,0.7565
0546_256_1280.jpg,0.7831,0.7818
0546_256_1536.jpg,0.765,0.7539
0546_256_256.jpg,0.7885,0.7762
0546_256_512.jpg,0.8177,0.8063
0546_256_768.jpg,0.8272,0.8208
0546_512_0.jpg,0.7859,0.7376
0546_512_1024.jpg,0.8109,0.8044
0546_512_1280.jpg,0.7966,0.7679
0546_512_1536.jpg,0.8314,0.6917
0546_512_256.jpg,0.8465,0.6693
0546_512_512.jpg,0.8237,0.6804
0546_512_768.jpg,0.8138,0.7746
0546_768_0.jpg,0.7817,0.71
0546_768_1024.jpg,0.8289,0.8214
0546_768_1280.jpg,0.7499,0.7383
0546_768_1536.jpg,0.794,0.7473
0546_768_256.jpg,0.7776,0.7035
0546_768_512.jpg,0.7542,0.7097
0546_768_768.jpg,0.7827,0.7778
0569_0_0.jpg,0.9927,0.982
0569_0_1024.jpg,0.9907,0.9846
0569_0_1280.jpg,0.9925,0.9833
0569_0_1536.jpg,0.9948,0.9806
0569_0_256.jpg,0.9907,0.986
0569_0_512.jpg,0.9889,0.9864
0569_0_768.jpg,0.9888,0.9853
0569_1024_0.jpg,0.4293,0.4156
0569_1024_1024.jpg,0.3265,0.3196
0569_1024_1280.jpg,0.3423,0.3367
0569_1024_1536.jpg,0.4302,0.4172
0569_1024_256.jpg,0.3533,0.3415
0569_1024_512.jpg,0.3402,0.3319
0569_1024_768.jpg,0.3288,0.3224
0569_256_0.jpg,0.991,0.9827
0569_256_1024.jpg,0.976,0.9734
0569_256_1280.jpg,0.9723,0.9657
0569_256_1536.jpg,0.9755,0.9677
0569_256_256.jpg,0.978,0.9717
0569_256_512.jpg,0.9811,0.9799
0569_256_768.jpg,0.9687,0.9659
0569_512_0.jpg,0.9498,0.9443
0569_512_1024.jpg,0.8265,0.8128
0569_512_1280.jpg,0.7995,0.7902
0569_512_1536.jpg,0.7604,0.7453
0569_512_256.jpg,0.7376,0.7267
0569_512_512.jpg,0.7579,0.7437
0569_512_768.jpg,0.7843,0.7738
0569_768_0.jpg,0.7142,0.6977
0569_768_1024.jpg,0.5513,0.5397
0569_768_1280.jpg,0.5274,0.5178
0569_768_1536.jpg,0.5875,0.5794
0569_768_256.jpg,0.5984,0.5847
0569_768_512.jpg,0.5868,0.5736
0569_768_768.jpg,0.5665,0.5512
0571_0_0.jpg,0.9204,0.9069
0571_0_1024.jpg,0.9214,0.8721
0571_0_1280.jpg,0.8109,0.7727
0571_0_1536.jpg,0.9131,0.8888
0571_0_256.jpg,0.903,0.8806
0571_0_512.jpg,0.9095,0.8828
0571_0_768.jpg,0.9326,0.8912
0571_1024_0.jpg,0.959,0.9495
0571_1024_1024.jpg,0.8179,0.8065
0571_1024_1280.jpg,0.8549,0.841
0571_1024_1536.jpg,0.8853,0.875
0571_1024_256.jpg,0.95,0.9365
0571_1024_512.jpg,0.8505,0.8412
0571_1024_768.jpg,0.8146,0.8044
0571_256_0.jpg,0.8967,0.876
0571_256_1024.jpg,0.8486,0.8208
0571_256_1280.jpg,0.8323,0.8039
0571_256_1536.jpg,0.839,0.8128
0571_256_256.jpg,0.8342,0.8109
0571_256_512.jpg,0.736,0.7219
0571_256_768.jpg,0.7663,0.7523
0571_512_0.jpg,0.8213,0.8043
0571_512_1024.jpg,0.7615,0.7331
0571_512_1280.jpg,0.7449,0.7282
0571_512_1536.jpg,0.797,0.7717
0571_512_256.jpg,0.7841,0.7794
0571_512_512.jpg,0.7151,0.7072
0571_512_768.jpg,0.7174,0.6886
0571_768_0.jpg,0.8387,0.8229
0571_768_1024.jpg,0.6851,0.6609
0571_768_1280.jpg,0.7141,0.6957
0571_768_1536.jpg,0.7823,0.7594
0571_768_256.jpg,0.8091,0.8021
0571_768_512.jpg,0.7281,0.7208
0571_768_768.jpg,0.6937,0.6775
0579_0_0.jpg,0.3393,0.3121
0579_0_1024.jpg,0.5257,0.4543
0579_0_1280.jpg,0.5396,0.4358
0579_0_1536.jpg,0.4883,0.3905
0579_0_256.jpg,0.3524,0.3167
0579_0_512.jpg,0.3758,0.3697
0579_0_768.jpg,0.5667,0.548
0579_256_0.jpg,0.3607,0.342
0579_256_1024.jpg,0.716,0.7011
0579_256_1280.jpg,0.702,0.6946
0579_256_1536.jpg,0.5237,0.4901
0579_256_256.jpg,0.3596,0.3447
0579_256_512.jpg,0.6461,0.6093
0579_256_768.jpg,0.6515,0.6053
0579_512_0.jpg,0.3966,0.3535
0579_512_1024.jpg,0.6784,0.6696
0579_512_1280.jpg,0.5912,0.5871
0579_512_1536.jpg,0.4817,0.4475
0579_512_256.jpg,0.4588,0.4518
0579_512_512.jpg,0.5102,0.4939
0579_512_768.jpg,0.582,0.5596
0579_768_0.jpg,0.3708,0.3623
0579_768_1024.jpg,0.3924,0.3836
0579_768_1280.jpg,0.4566,0.4478
0579_768_1536.jpg,0.4432,0.4304
0579_768_256.jpg,0.4337,0.426
0579_768_512.jpg,0.616,0.58
0579_768_768.jpg,0.4856,0.4526
0595_0_0.jpg,0.9941,0.9914
0595_0_1024.jpg,0.9939,0.9905
0595_0_1280.jpg,0.9851,0.9745
0595_0_1536.jpg,0.9919,0.9873
0595_0_256.jpg,0.9948,0.9921
0595_0_512.jpg,0.9868,0.973
0595_0_768.jpg,0.9889,0.9718
0595_1024_0.jpg,0.5559,0.5451
0595_1024_1024.jpg,0.872,0.8584
0595_1024_1280.jpg,0.8844,0.8727
0595_1024_1536.jpg,0.6756,0.6622
0595_1024_256.jpg,0.5815,0.5704
0595_1024_512.jpg,0.5844,0.5752
0595_1024_768.jpg,0.8433,0.8332
0595_256_0.jpg,0.7384,0.729
0595_256_1024.jpg,0.9848,0.9666
0595_256_1280.jpg,0.9714,0.9632
0595_256_1536.jpg,0.9771,0.9686
0595_256_256.jpg,0.8927,0.8869
0595_256_512.jpg,0.9861,0.9791
0595_256_768.jpg,0.9918,0.9821
0595_512_0.jpg,0.6336,0.626
0595_512_1024.jpg,0.8551,0.8295
0595_512_1280.jpg,0.7342,0.7265
0595_512_1536.jpg,0.6897,0.6815
0595_512_256.jpg,0.6534,0.6456
0595_512_512.jpg,0.6133,0.6024
0595_512_768.jpg,0.8115,0.7838
0595_768_0.jpg,0.6189,0.6076
0595_768_1024.jpg,0.8388,0.8133
0595_768_1280.jpg,0.7751,0.7683
0595_768_1536.jpg,0.5642,0.5562
0595_768_256.jpg,0.689,0.6783
0595_768_512.jpg,0.6793,0.67
0595_768_768.jpg,0.8481,0.8326
0596_0_0.jpg,0.98,0.9524
0596_0_1024.jpg,0.9436,0.9076
0596_0_1280.jpg,0.917,0.8932
0596_0_1536.jpg,0.9188,0.9093
0596_0_256.jpg,0.9716,0.9573
0596_0_512.jpg,0.9567,0.9408
0596_0_768.jpg,0.9589,0.929
0596_1024_0.jpg,0.9845,0.97
0596_1024_1024.jpg,0.8717,0.8591
0596_1024_1280.jpg,0.8609,0.8494
0596_1024_1536.jpg,0.9789,0.9651
0596_1024_256.jpg,0.9238,0.9125
0596_1024_512.jpg,0.8314,0.8269
0596_1024_768.jpg,0.7518,0.7359
0596_256_0.jpg,0.9829,0.9679
0596_256_1024.jpg,0.656,0.6386
0596_256_1280.jpg,0.8001,0.7877
0596_256_1536.jpg,0.8367,0.8258
0596_256_256.jpg,0.9506,0.9344
0596_256_512.jpg,0.8663,0.8361
0596_256_768.jpg,0.7229,0.6983
0596_512_0.jpg,0.9893,0.9799
0596_512_1024.jpg,0.8119,0.8004
0596_512_1280.jpg,0.7087,0.7036
0596_512_1536.jpg,0.8368,0.8296
0596_512_256.jpg,0.9585,0.9394
0596_512_512.jpg,0.6739,0.6513
0596_512_768.jpg,0.6643,0.6512
0596_768_0.jpg,0.9938,0.9849
0596_768_1024.jpg,0.8188,0.8045
0596_768_1280.jpg,0.7186,0.7086
0596_768_1536.jpg,0.9324,0.923
0596_768_256.jpg,0.9757,0.9565
0596_768_512.jpg,0.6523,0.6368
0596_768_768.jpg,0.7474,0.7357
0597_0_0.jpg,0.9887,0.6588
0597_0_1024.jpg,0.9772,0.9719
0597_0_256.jpg,0.9912,0.6262
0597_0_512.jpg,0.983,0.813
0597_0_768.jpg,0.9773,0.9584
0597_1024_0.jpg,0.9611,0.9529
0597_1024_1024.jpg,0.8865,0.8773
0597_1024_256.jpg,0.9574,0.9503
0597_1024_512.jpg,0.8831,0.8679
0597_1024_768.jpg,0.914,0.9025
0597_1280_0.jpg,0.8731,0.8628
0597_1280_1024.jpg,0.686,0.6742
0597_1280_256.jpg,0.8635,0.8494
0597_1280_512.jpg,0.8413,0.8311
0597_1280_768.jpg,0.698,0.6896
0597_1536_0.jpg,0.665,0.6547
0597_1536_1024.jpg,0.6506,0.6394
0597_1536_256.jpg,0.7607,0.752
0597_1536_512.jpg,0.8136,0.8043
0597_1536_768.jpg,0.7098,0.6988
0597_256_0.jpg,0.988,0.5685
0597_256_1024.jpg,0.9805,0.9484
0597_256_256.jpg,0.9892,0.5863
0597_256_512.jpg,0.9845,0.8866
0597_256_768.jpg,0.9834,0.831
0597_512_0.jpg,0.9842,0.7115
0597_512_1024.jpg,0.9873,0.9667
0597_512_256.jpg,0.9849,0.7872
0597_512_512.jpg,0.9843,0.8689
0597_512_768.jpg,0.9857,0.9463
0597_768_0.jpg,0.9733,0.9657
0597_768_1024.jpg,0.9659,0.958
0597_768_256.jpg,0.9708,0.9632
0597_768_512.jpg,0.9671,0.9578
0597_768_768.jpg,0.9649,0.9562
0605_0_0.jpg,0.9688,0.9154
0605_0_1024.jpg,0.9961,0.9926
0605_0_1280.jpg,0.9387,0.9222
0605_0_1536.jpg,0.9299,0.9036
0605_0_256.jpg,0.9863,0.9147
0605_0_512.jpg,0.9932,0.921
0605_0_768.jpg,0.9962,0.9918
0605_1024_0.jpg,0.8266,0.8195
0605_1024_1024.jpg,0.7342,0.7108
0605_1024_1280.jpg,0.7211,0.7096
0605_1024_1536.jpg,0.7561,0.7395
0605_1024_256.jpg,0.8019,0.7952
0605_1024_512.jpg,0.763,0.7565
0605_1024_768.jpg,0.7382,0.7336
0605_256_0.jpg,0.8769,0.8483
0605_256_1024.jpg,0.9569,0.9472
0605_256_1280.jpg,0.8155,0.7766
0605_256_1536.jpg,0.9564,0.9398
0605_256_256.jpg,0.9576,0.8581
0605_256_512.jpg,0.94,0.865
0605_256_768.jpg,0.9854,0.9719
0605_512_0.jpg,0.7913,0.7815
0605_512_1024.jpg,0.745,0.7063
0605_512_1280.jpg,0.7612,0.7559
0605_512_1536.jpg,0.8805,0.8771
0605_512_256.jpg,0.7633,0.7533
0605_512_512.jpg,0.7184,0.7117
0605_512_768.jpg,0.7772,0.7534
0605_768_0.jpg,0.627,0.6191
0605_768_1024.jpg,0.6957,0.6776
0605_768_1280.jpg,0.6888,0.6796
0605_768_1536.jpg,0.6569,0.647
0605_768_256.jpg,0.7474,0.7391
0605_768_512.jpg,0.6857,0.6763
0605_768_768.jpg,0.6351,0.6249
0611_0_0.jpg,0.7801,0.7697
0611_0_1024.jpg,0.997,0.9884
0611_0_1280.jpg,0.9975,0.9894
0611_0_1536.jpg,0.9975,0.9899
0611_0_256.jpg,0.9178,0.8561
0611_0_512.jpg,0.9927,0.9409
0611_0_768.jpg,0.9969,0.9865
0611_1024_0.jpg,0.631,0.6236
0611_1024_1024.jpg,0.5941,0.5824
0611_1024_1280.jpg,0.5488,0.5392
0611_1024_1536.jpg,0.5593,0.5484
0611_1024_256.jpg,0.5805,0.5732
0611_1024_512.jpg,0.5969,0.5897
0611_1024_768.jpg,0.5613,0.5523
0611_256_0.jpg,0.6745,0.6577
0611_256_1024.jpg,0.9973,0.989
0611_256_1280.jpg,0.9978,0.9882
0611_256_1536.jpg,0.9979,0.9878
0611_256_256.jpg,0.726,0.7101
0611_256_512.jpg,0.7563,0.7432
0611_256_768.jpg,0.9973,0.9897
0611_512_0.jpg,0.5721,0.5554
0611_512_1024.jpg,0.9294,0.9234
0611_512_1280.jpg,0.9662,0.9602
0611_512_1536.jpg,0.985,0.9792
0611_512_256.jpg,0.587,0.5723
0611_512_512.jpg,0.6178,0.6015
0611_512_768.jpg,0.8488,0.8411
0611_768_0.jpg,0.5922,0.582
0611_768_1024.jpg,0.5527,0.5387
0611_768_1280.jpg,0.5559,0.5412
0611_768_1536.jpg,0.6721,0.6625
0611_768_256.jpg,0.609,0.5964
0611_768_512.jpg,0.6003,0.5909
0611_768_768.jpg,0.5704,0.5589
0622_0_0.jpg,0.9658,0.9596
0622_0_1024.jpg,0.9291,0.9262
0622_0_1280.jpg,0.9544,0.9531
0622_0_1536.jpg,0.9518,0.948
0622_0_256.jpg,0.9646,0.9579
0622_0_512.jpg,0.8538,0.8423
0622_0_768.jpg,0.742,0.7298
0622_1024_0.jpg,0.9528,0.9438
0622_1024_1024.jpg,0.9275,0.9064
0622_1024_1280.jpg,0.832,0.8229
0622_1024_1536.jpg,0.7916,0.7734
0622_1024_256.jpg,0.9557,0.9482
0622_1024_512.jpg,0.9558,0.9494
0622_1024_768.jpg,0.8513,0.8413
0622_256_0.jpg,0.9538,0.9472
0622_256_1024.jpg,0.7484,0.7407
0622_256_1280.jpg,0.9574,0.9548
0622_256_1536.jpg,0.9557,0.9501
0622_256_256.jpg,0.9322,0.9254
0622_256_512.jpg,0.5332,0.502
0622_256_768.jpg,0.5786,0.5588
0622_512_0.jpg,0.9513,0.9437
0622_512_1024.jpg,0.8224,0.8121
0622_512_1280.jpg,0.9537,0.9452
0622_512_1536.jpg,0.9521,0.9426
0622_512_256.jpg,0.9551,0.9485
0622_512_512.jpg,0.8546,0.8405
0622_512_768.jpg,0.7583,0.7342
0622_768_0.jpg,0.9527,0.944
0622_768_1024.jpg,0.9551,0.949
0622_768_1280.jpg,0.9435,0.9383
0622_768_1536.jpg,0.916,0.9086
0622_768_256.jpg,0.9542,0.9463
0622_768_512.jpg,0.9224,0.9133
0622_768_768.jpg,0.8857,0.8728
0623_0_0.jpg,0.7938,0.779
0623_0_1024.jpg,0.7347,0.7236
0623_0_1280.jpg,0.7471,0.6787
0623_0_1536.jpg,0.7998,0.7352
0623_0_256.jpg,0.6621,0.6614
0623_0_512.jpg,0.7474,0.7557
0623_0_768.jpg,0.7309,0.7332
0623_1024_0.jpg,0.8205,0.8113
0623_1024_1024.jpg,0.5308,0.5221
0623_1024_1280.jpg,0.5938,0.5857
0623_1024_1536.jpg,0.8323,0.8259
0623_1024_256.jpg,0.6292,0.6208
0623_1024_512.jpg,0.5542,0.5452
0623_1024_768.jpg,0.5675,0.5608
0623_256_0.jpg,0.6827,0.6752
0623_256_1024.jpg,0.6429,0.6239
0623_256_1280.jpg,0.763,0.7183
0623_256_1536.jpg,0.808,0.7008
0623_256_256.jpg,0.7448,0.7468
0623_256_512.jpg,0.7262,0.7168
0623_256_768.jpg,0.6117,0.5952
0623_512_0.jpg,0.6957,0.6902
0623_512_1024.jpg,0.5717,0.557
0623_512_1280.jpg,0.5364,0.529
0623_512_1536.jpg,0.7116,0.7014
0623_512_256.jpg,0.6858,0.6821
0623_512_512.jpg,0.4926,0.4832
0623_512_768.jpg,0.4856,0.4725
0623_768_0.jpg,0.8051,0.7975
0623_768_1024.jpg,0.5597,0.5497
0623_768_1280.jpg,0.5258,0.5172
0623_768_1536.jpg,0.6889,0.682
0623_768_256.jpg,0.6821,0.6733
0623_768_512.jpg,0.4921,0.483
0623_768_768.jpg,0.4858,0.4773
0636_0_0.jpg,0.4804,0.4753
0636_0_1024.jpg,0.6567,0.6464
0636_0_1280.jpg,0.7258,0.7106
0636_0_1536.jpg,0.6502,0.633
0636_0_256.jpg,0.5879,0.5797
0636_0_512.jpg,0.618,0.6089
0636_0_768.jpg,0.6503,0.6423
0636_1024_0.jpg,0.6428,0.636
0636_1024_1024.jpg,0.6515,0.6415
0636_1024_1280.jpg,0.759,0.7393
0636_1024_1536.jpg,0.807,0.7842
0636_1024_256.jpg,0.7441,0.7392
0636_1024_512.jpg,0.6323,0.6253
0636_1024_768.jpg,0.6094,0.5984
0636_256_0.jpg,0.6965,0.6845
0636_256_1024.jpg,0.6268,0.6118
0636_256_1280.jpg,0.5993,0.5677
0636_256_1536.jpg,0.5842,0.5636
0636_256_256.jpg,0.6598,0.6483
0636_256_512.jpg,0.602,0.5925
0636_256_768.jpg,0.6908,0.6857
0636_512_0.jpg,0.8529,0.8201
0636_512_1024.jpg,0.8286,0.8168
0636_512_1280.jpg,0.9202,0.9084
0636_512_1536.jpg,0.8616,0.8457
0636_512_256.jpg,0.8177,0.8078
0636_512_512.jpg,0.8923,0.882
0636_512_768.jpg,0.8801,0.8672
0636_768_0.jpg,0.5652,0.5567
0636_768_1024.jpg,0.8291,0.814
0636_768_1280.jpg,0.9123,0.8907
0636_768_1536.jpg,0.8812,0.8694
0636_768_256.jpg,0.5969,0.5831
0636_768_512.jpg,0.8495,0.8326
0636_768_768.jpg,0.6842,0.6746
0638_0_0.jpg,0.9659,0.9658
0638_0_1024.jpg,0.6005,0.4559
0638_0_1280.jpg,0.6182,0.6069
0638_0_1536.jpg,0.8768,0.8605
0638_0_256.jpg,0.8863,0.8724
0638_0_512.jpg,0.6893,0.6754
0638_0_768.jpg,0.5585,0.4163
0638_1024_0.jpg,0.9498,0.9452
0638_1024_1024.jpg,0.6051,0.5569
0638_1024_1280.jpg,0.6991,0.689
0638_1024_1536.jpg,0.8848,0.8717
0638_1024_256.jpg,0.8679,0.8493
0638_1024_512.jpg,0.6712,0.6629
0638_1024_768.jpg,0.5914,0.5187
0638_256_0.jpg,0.9126,0.9017
0638_256_1024.jpg,0.5684,0.4369
0638_256_1280.jpg,0.6365,0.631
0638_256_1536.jpg,0.8012,0.7834
0638_256_256.jpg,0.7697,0.7515
0638_256_512.jpg,0.6289,0.6209
0638_256_768.jpg,0.5666,0.4405
0638_512_0.jpg,0.8723,0.8535
0638_512_1024.jpg,0.7012,0.4761
0638_512_1280.jpg,0.6411,0.6344
0638_512_1536.jpg,0.723,0.7096
0638_512_256.jpg,0.7053,0.6909
0638_512_512.jpg,0.6267,0.6086
0638_512_768.jpg,0.6843,0.5152
0638_768_0.jpg,0.8742,0.8614
0638_768_1024.jpg,0.5937,0.509
0638_768_1280.jpg,0.6255,0.6211
0638_768_1536.jpg,0.7601,0.7394
0638_768_256.jpg,0.7168,0.6999
0638_768_512.jpg,0.591,0.5909
0638_768_768.jpg,0.5807,0.466
0656_0_0.jpg,0.9557,0.9361
0656_0_1024.jpg,0.9804,0.8409
0656_0_1280.jpg,0.9551,0.9356
0656_0_1536.jpg,0.9677,0.9562
0656_0_256.jpg,0.9121,0.8066
0656_0_512.jpg,0.9562,0.8537
0656_0_768.jpg,0.9842,0.7492
0656_1024_0.jpg,0.9444,0.9361
0656_1024_1024.jpg,0.9393,0.9235
0656_1024_1280.jpg,0.9171,0.9028
0656_1024_1536.jpg,0.8811,0.8708
0656_1024_256.jpg,0.9437,0.9344
0656_1024_512.jpg,0.9378,0.9302
0656_1024_768.jpg,0.9341,0.9214
0656_256_0.jpg,0.9555,0.9503
0656_256_1024.jpg,0.8429,0.8365
0656_256_1280.jpg,0.9138,0.8999
0656_256_1536.jpg,0.9476,0.9333
0656_256_256.jpg,0.8981,0.8905
0656_256_512.jpg,0.9363,0.9279
0656_256_768.jpg,0.8465,0.8275
0656_512_0.jpg,0.9498,0.9397
0656_512_1024.jpg,0.7497,0.7434
0656_512_1280.jpg,0.802,0.7913
0656_512_1536.jpg,0.8841,0.8744
0656_512_256.jpg,0.9373,0.9283
0656_512_512.jpg,0.8246,0.8193
0656_512_768.jpg,0.7626,0.7631
0656_768_0.jpg,0.897,0.8845
0656_768_1024.jpg,0.8348,0.8258
0656_768_1280.jpg,0.8357,0.8296
0656_768_1536.jpg,0.7487,0.7417
0656_768_256.jpg,0.895,0.8769
0656_768_512.jpg,0.8317,0.8226
0656_768_768.jpg,0.7719,0.7608
0659_0_0.jpg,0.7524,0.746
0659_0_1024.jpg,0.556,0.5387
0659_0_1280.jpg,0.724,0.7033
0659_0_1536.jpg,0.7301,0.7163
0659_0_256.jpg,0.7197,0.7079
0659_0_512.jpg,0.699,0.6899
0659_0_768.jpg,0.5317,0.5186
0659_1024_0.jpg,0.4698,0.4644
0659_1024_1024.jpg,0.7831,0.776
0659_1024_1280.jpg,0.7219,0.713
0659_1024_1536.jpg,0.4858,0.4773
0659_1024_256.jpg,0.6221,0.6198
0659_1024_512.jpg,0.6149,0.6027
0659_1024_768.jpg,0.491,0.4777
0659_256_0.jpg,0.6886,0.6758
0659_256_1024.jpg,0.3308,0.3143
0659_256_1280.jpg,0.2643,0.2475
0659_256_1536.jpg,0.6727,0.6601
0659_256_256.jpg,0.4994,0.4818
0659_256_512.jpg,0.3344,0.3237
0659_256_768.jpg,0.2156,0.2006
0659_512_0.jpg,0.4527,0.4439
0659_512_1024.jpg,0.3358,0.3212
0659_512_1280.jpg,0.4737,0.4648
0659_512_1536.jpg,0.6351,0.6226
0659_512_256.jpg,0.4476,0.4409
0659_512_512.jpg,0.2737,0.2661
0659_512_768.jpg,0.331,0.3242
0659_768_0.jpg,0.4528,0.4467
0659_768_1024.jpg,0.7563,0.7431
0659_768_1280.jpg,0.5539,0.5472
0659_768_1536.jpg,0.5134,0.5021
0659_768_256.jpg,0.5079,0.5051
0659_768_512.jpg,0.5709,0.5613
0659_768_768.jpg,0.5055,0.4931
0667_0_0.jpg,0.9948,0.9888
0667_0_1024.jpg,0.9909,0.9134
0667_0_1280.jpg,0.9345,0.7483
0667_0_1536.jpg,0.9431,0.9319
0667_0_256.jpg,0.9824,0.9775
0667_0_512.jpg,0.9871,0.9821
0667_0_768.jpg,0.9831,0.9774
0667_1024_0.jpg,0.6319,0.6178
0667_1024_1024.jpg,0.4449,0.4304
0667_1024_1280.jpg,0.4604,0.4475
0667_1024_1536.jpg,0.515,0.5043
0667_1024_256.jpg,0.5915,0.5808
0667_1024_512.jpg,0.5467,0.5344
0667_1024_768.jpg,0.5054,0.495
0667_256_0.jpg,0.7618,0.755
0667_256_1024.jpg,0.7718,0.76
0667_256_1280.jpg,0.7951,0.7854
0667_256_1536.jpg,0.7594,0.7518
0667_256_256.jpg,0.7797,0.7477
0667_256_512.jpg,0.7371,0.7298
0667_256_768.jpg,0.7333,0.7261
0667_512_0.jpg,0.7026,0.6935
0667_512_1024.jpg,0.7282,0.7174
0667_512_1280.jpg,0.7523,0.7299
0667_512_1536.jpg,0.7519,0.7429
0667_512_256.jpg,0.731,0.7254
0667_512_512.jpg,0.7121,0.7052
0667_512_768.jpg,0.767,0.7661
0667_768_0.jpg,0.4596,0.4494
0667_768_1024.jpg,0.7593,0.753
0667_768_1280.jpg,0.4723,0.4596
0667_768_1536.jpg,0.5399,0.5293
0667_768_256.jpg,0.4491,0.4395
0667_768_512.jpg,0.6767,0.6711
0667_768_768.jpg,0.799,0.792
0668_0_0.jpg,0.9908,0.9845
0668_0_1024.jpg,0.9869,0.98
0668_0_1280.jpg,0.9908,0.9849
0668_0_1536.jpg,0.9907,0.9834
0668_0_256.jpg,0.9895,0.9846
0668_0_512.jpg,0.9856,0.9797
0668_0_768.jpg,0.9902,0.9846
0668_1024_0.jpg,0.6557,0.6441
0668_1024_1024.jpg,0.5721,0.5612
0668_1024_1280.jpg,0.7564,0.7537
0668_1024_1536.jpg,0.6681,0.6617
0668_1024_256.jpg,0.6119,0.599
0668_1024_512.jpg,0.5776,0.5666
0668_1024_768.jpg,0.6926,0.6851
0668_256_0.jpg,0.9919,0.9441
0668_256_1024.jpg,0.9182,0.8723
0668_256_1280.jpg,0.8435,0.8229
0668_256_1536.jpg,0.8055,0.7951
0668_256_256.jpg,0.9745,0.9031
0668_256_512.jpg,0.9153,0.8204
0668_256_768.jpg,0.8852,0.8016
0668_512_0.jpg,0.7523,0.7377
0668_512_1024.jpg,0.9003,0.8829
0668_512_1280.jpg,0.6626,0.6548
0668_512_1536.jpg,0.7746,0.7686
0668_512_256.jpg,0.7846,0.7629
0668_512_512.jpg,0.7932,0.7752
0668_512_768.jpg,0.7341,0.7236
0668_768_0.jpg,0.6546,0.6429
0668_768_1024.jpg,0.6997,0.6859
0668_768_1280.jpg,0.7976,0.794
0668_768_1536.jpg,0.7491,0.7441
0668_768_256.jpg,0.6317,0.6213
0668_768_512.jpg,0.6272,0.6142
0668_768_768.jpg,0.716,0.7075
0693_0_0.jpg,0.9532,0.9388
0693_0_1024.jpg,0.9272,0.9215
0693_0_1280.jpg,0.9279,0.9208
0693_0_1536.jpg,0.9501,0.9451
0693_0_256.jpg,0.9482,0.9434
0693_0_512.jpg,0.9268,0.9192
0693_0_768.jpg,0.8474,0.8364
0693_1024_0.jpg,0.8898,0.8794
0693_1024_1024.jpg,0.8938,0.8874
0693_1024_1280.jpg,0.8141,0.8074
0693_1024_1536.jpg,0.8177,0.8143
0693_1024_256.jpg,0.9296,0.9199
0693_1024_512.jpg,0.8143,0.8035
0693_1024_768.jpg,0.8926,0.879
0693_1280_0.jpg,0.8672,0.8548
0693_1280_1024.jpg,0.8038,0.7897
0693_1280_1280.jpg,0.8288,0.8171
0693_1280_1536.jpg,0.8422,0.8337
0693_1280_256.jpg,0.8472,0.8349
0693_1280_512.jpg,0.7494,0.7334
0693_1280_768.jpg,0.8099,0.7981
0693_256_0.jpg,0.907,0.8982
0693_256_1024.jpg,0.7455,0.733
0693_256_1280.jpg,0.7582,0.7422
0693_256_1536.jpg,0.8582,0.851
0693_256_256.jpg,0.74,0.7261
0693_256_512.jpg,0.7305,0.7173
0693_256_768.jpg,0.7441,0.7186
0693_512_0.jpg,0.8583,0.8511
0693_512_1024.jpg,0.7653,0.7539
0693_512_1280.jpg,0.6645,0.6429
0693_512_1536.jpg,0.6761,0.6511
0693_512_256.jpg,0.7849,0.772
0693_512_512.jpg,0.7249,0.7146
0693_512_768.jpg,0.8057,0.7966
0693_768_0.jpg,0.9022,0.8961
0693_768_1024.jpg,0.8646,0.8572
0693_768_1280.jpg,0.8043,0.7938
0693_768_1536.jpg,0.7173,0.7067
0693_768_256.jpg,0.8908,0.8851
0693_768_512.jpg,0.8104,0.8052
0693_768_768.jpg,0.8796,0.8729
0697_0_0.jpg,0.9791,0.9181
0697_0_1024.jpg,0.9939,0.9886
0697_0_1280.jpg,0.9926,0.99
0697_0_1536.jpg,0.9904,0.9876
0697_0_256.jpg,0.9939,0.957
0697_0_512.jpg,0.995,0.9841
0697_0_768.jpg,0.9937,0.988
0697_1024_0.jpg,0.6424,0.63
0697_1024_1024.jpg,0.9349,0.9344
0697_1024_1280.jpg,0.5111,0.4993
0697_1024_1536.jpg,0.5611,0.5529
0697_1024_256.jpg,0.6829,0.6795
0697_1024_512.jpg,0.7501,0.7466
0697_1024_768.jpg,0.9142,0.914
0697_256_0.jpg,0.9596,0.9533
0697_256_1024.jpg,0.9229,0.9141
0697_256_1280.jpg,0.9122,0.9064
0697_256_1536.jpg,0.8557,0.8511
0697_256_256.jpg,0.9666,0.9592
0697_256_512.jpg,0.9514,0.9438
0697_256_768.jpg,0.9383,0.9312
0697_512_0.jpg,0.6304,0.6239
0697_512_1024.jpg,0.5865,0.5771
0697_512_1280.jpg,0.5507,0.5376
0697_512_1536.jpg,0.4568,0.4444
0697_512_256.jpg,0.5704,0.5621
0697_512_512.jpg,0.6823,0.6776
0697_512_768.jpg,0.5712,0.5615
0697_768_0.jpg,0.4845,0.476
0697_768_1024.jpg,0.6762,0.6718
0697_768_1280.jpg,0.6087,0.6009
0697_768_1536.jpg,0.4468,0.4378
0697_768_256.jpg,0.4869,0.4703
0697_768_512.jpg,0.4763,0.4625
0697_768_768.jpg,0.7773,0.777
0722_0_0.jpg,0.9864,0.9756
0722_0_1024.jpg,0.969,0.963
0722_0_1280.jpg,0.9646,0.9569
0722_0_1536.jpg,0.9773,0.9695
0722_0_256.jpg,0.976,0.967
0722_0_512.jpg,0.9537,0.9456
0722_0_768.jpg,0.9708,0.9663
0722_1024_0.jpg,0.9812,0.974
0722_1024_1024.jpg,0.6634,0.6584
0722_1024_1280.jpg,0.904,0.8979
0722_1024_1536.jpg,0.9784,0.9705
0722_1024_256.jpg,0.9694,0.9658
0722_1024_512.jpg,0.7869,0.7768
0722_1024_768.jpg,0.5513,0.5459
0722_256_0.jpg,0.9686,0.9624
0722_256_1024.jpg,0.7045,0.6965
0722_256_1280.jpg,0.836,0.8272
0722_256_1536.jpg,0.9673,0.9641
0722_256_256.jpg,0.9556,0.9504
0722_256_512.jpg,0.7972,0.7853
0722_256_768.jpg,0.7041,0.6951
0722_512_0.jpg,0.9617,0.9603
0722_512_1024.jpg,0.4999,0.4919
0722_512_1280.jpg,0.8667,0.8584
0722_512_1536.jpg,0.9728,0.9707
0722_512_256.jpg,0.9777,0.9789
0722_512_512.jpg,0.7035,0.6906
0722_512_768.jpg,0.4194,0.4103
0722_768_0.jpg,0.9714,0.9665
0722_768_1024.jpg,0.5396,0.5324
0722_768_1280.jpg,0.9302,0.9229
0722_768_1536.jpg,0.9713,0.9668
0722_768_256.jpg,0.9739,0.9732
0722_768_512.jpg,0.7185,0.709
0722_768_768.jpg,0.4488,0.4396
0724_0_0.jpg,0.7537,0.7457
0724_0_1024.jpg,0.9665,0.9667
0724_0_256.jpg,0.9144,0.9092
0724_0_512.jpg,0.9685,0.9666
0724_0_768.jpg,0.9624,0.962
0724_1024_0.jpg,0.9503,0.8811
0724_1024_1024.jpg,0.8701,0.8181
0724_1024_256.jpg,0.9512,0.8775
0724_1024_512.jpg,0.8771,0.8324
0724_1024_768.jpg,0.822,0.7916
0724_1280_0.jpg,0.8195,0.7594
0724_1280_1024.jpg,0.8045,0.7743
0724_1280_256.jpg,0.8438,0.7856
0724_1280_512.jpg,0.863,0.8185
0724_1280_768.jpg,0.7862,0.7691
0724_1536_0.jpg,0.5636,0.5345
0724_1536_1024.jpg,0.8051,0.7973
0724_1536_256.jpg,0.6482,0.6243
0724_1536_512.jpg,0.7993,0.7875
0724_1536_768.jpg,0.7953,0.7911
0724_256_0.jpg,0.8211,0.7971
0724_256_1024.jpg,0.9625,0.9564
0724_256_256.jpg,0.7734,0.7664
0724_256_512.jpg,0.8087,0.7999
0724_256_768.jpg,0.9619,0.9529
0724_512_0.jpg,0.8514,0.8498
0724_512_1024.jpg,0.9648,0.9346
0724_512_256.jpg,0.8362,0.8396
0724_512_512.jpg,0.796,0.7986
0724_512_768.jpg,0.97,0.9299
0724_768_0.jpg,0.9717,0.9186
0724_768_1024.jpg,0.959,0.9002
0724_768_256.jpg,0.8858,0.8613
0724_768_512.jpg,0.8162,0.82
0724_768_768.jpg,0.9185,0.8653
0742_0_0.jpg,0.8934,0.8799
0742_0_1024.jpg,0.9751,0.9277
0742_0_1280.jpg,0.9676,0.9322
0742_0_1536.jpg,0.9563,0.9425
0742_0_256.jpg,0.9402,0.9116
0742_0_512.jpg,0.9739,0.9398
0742_0_768.jpg,0.9499,0.911
0742_1024_0.jpg,0.5849,0.571
0742_1024_1024.jpg,0.5417,0.5131
0742_1024_1280.jpg,0.5681,0.5451
0742_1024_1536.jpg,0.6149,0.5976
0742_1024_256.jpg,0.5614,0.5456
0742_1024_512.jpg,0.5691,0.5439
0742_1024_768.jpg,0.5608,0.5366
0742_256_0.jpg,0.7835,0.7703
0742_256_1024.jpg,0.9282,0.9125
0742_256_1280.jpg,0.9665,0.9538
0742_256_1536.jpg,0.9714,0.9579
0742_256_256.jpg,0.9164,0.8975
0742_256_512.jpg,0.8969,0.872
0742_256_768.jpg,0.6576,0.5926
0742_512_0.jpg,0.6672,0.6533
0742_512_1024.jpg,0.4973,0.4663
0742_512_1280.jpg,0.8185,0.7976
0742_512_1536.jpg,0.9701,0.9582
0742_512_256.jpg,0.7463,0.7206
0742_512_512.jpg,0.5841,0.5565
0742_512_768.jpg,0.4256,0.405
0742_768_0.jpg,0.5752,0.5619
0742_768_1024.jpg,0.5713,0.5419
0742_768_1280.jpg,0.7101,0.6924
0742_768_1536.jpg,0.9526,0.9459
0742_768_256.jpg,0.6201,0.5945
0742_768_512.jpg,0.5415,0.4984
0742_768_768.jpg,0.5078,0.4843
0747_0_0.jpg,0.9633,0.9566
0747_0_1024.jpg,0.8268,0.8239
0747_0_1280.jpg,0.9327,0.9265
0747_0_1536.jpg,0.9997,0.9975
0747_0_256.jpg,0.9007,0.8933
0747_0_512.jpg,0.8786,0.8785
0747_0_768.jpg,0.8512,0.8506
0747_1024_0.jpg,0.6868,0.6741
0747_1024_1024.jpg,0.703,0.6998
0747_1024_1280.jpg,0.6179,0.6076
0747_1024_1536.jpg,0.7125,0.7033
0747_1024_256.jpg,0.6638,0.659
0747_1024_512.jpg,0.6325,0.6273
0747_1024_768.jpg,0.6308,0.6247
0747_256_0.jpg,0.7875,0.7834
0747_256_1024.jpg,0.6843,0.6755
0747_256_1280.jpg,0.6993,0.6889
0747_256_1536.jpg,0.8706,0.8652
0747_256_256.jpg,0.7901,0.7796
0747_256_512.jpg,0.7743,0.7663
0747_256_768.jpg,0.7423,0.7366
0747_512_0.jpg,0.6872,0.6804
0747_512_1024.jpg,0.6979,0.6865
0747_512_1280.jpg,0.6367,0.6234
0747_512_1536.jpg,0.7227,0.7117
0747_512_256.jpg,0.6348,0.6295
0747_512_512.jpg,0.7012,0.6894
0747_512_768.jpg,0.6382,0.6249
0747_768_0.jpg,0.7159,0.7077
0747_768_1024.jpg,0.6738,0.6608
0747_768_1280.jpg,0.592,0.5773
0747_768_1536.jpg,0.5636,0.5551
0747_768_256.jpg,0.6836,0.6791
0747_768_512.jpg,0.6502,0.6417
0747_768_768.jpg,0.6975,0.6883
0761_0_0.jpg,0.9691,0.9615
0761_0_1024.jpg,0.9736,0.9656
0761_0_1280.jpg,0.9743,0.9655
0761_0_1536.jpg,0.9777,0.973
0761_0_256.jpg,0.967,0.9589
0761_0_512.jpg,0.9752,0.9667
0761_0_768.jpg,0.9746,0.9642
0761_1024_0.jpg,0.9345,0.9296
0761_1024_1024.jpg,0.5747,0.5643
0761_1024_1280.jpg,0.6117,0.6016
0761_1024_1536.jpg,0.6537,0.6425
0761_1024_256.jpg,0.5859,0.5746
0761_1024_512.jpg,0.5674,0.556
0761_1024_768.jpg,0.5348,0.5209
0761_256_0.jpg,0.7961,0.787
0761_256_1024.jpg,0.6566,0.647
0761_256_1280.jpg,0.6713,0.6612
0761_256_1536.jpg,0.6728,0.6634
0761_256_256.jpg,0.6771,0.6688
0761_256_512.jpg,0.6606,0.6484
0761_256_768.jpg,0.6648,0.6549
0761_512_0.jpg,0.771,0.7654
0761_512_1024.jpg,0.63,0.6222
0761_512_1280.jpg,0.6432,0.6334
0761_512_1536.jpg,0.641,0.6317
0761_512_256.jpg,0.6622,0.6499
0761_512_512.jpg,0.6479,0.6378
0761_512_768.jpg,0.6815,0.6705
0761_768_0.jpg,0.8439,0.8378
0761_768_1024.jpg,0.5775,0.5672
0761_768_1280.jpg,0.6234,0.6134
0761_768_1536.jpg,0.7127,0.7023
0761_768_256.jpg,0.6094,0.5995
0761_768_512.jpg,0.6269,0.6154
0761_768_768.jpg,0.6156,0.606
0788_0_0.jpg,0.9808,0.9693
0788_0_1024.jpg,0.9549,0.9483
0788_0_1280.jpg,0.9849,0.9798
0788_0_1536.jpg,0.9924,0.9833
0788_0_256.jpg,0.9749,0.9635
0788_0_512.jpg,0.9686,0.9583
0788_0_768.jpg,0.8894,0.8754
0788_1024_0.jpg,0.9558,0.9422
0788_1024_1024.jpg,0.6134,0.5999
0788_1024_1280.jpg,0.7461,0.7318
0788_1024_1536.jpg,0.6562,0.6406
0788_1024_256.jpg,0.748,0.7372
0788_1024_512.jpg,0.8887,0.879
0788_1024_768.jpg,0.738,0.7241
0788_256_0.jpg,0.9808,0.9645
0788_256_1024.jpg,0.5254,0.5106
0788_256_1280.jpg,0.719,0.7094
0788_256_1536.jpg,0.9803,0.9743
0788_256_256.jpg,0.8705,0.8476
0788_256_512.jpg,0.5249,0.5126
0788_256_768.jpg,0.4247,0.4144
0788_512_0.jpg,0.9372,0.9268
0788_512_1024.jpg,0.4633,0.4517
0788_512_1280.jpg,0.6024,0.5921
0788_512_1536.jpg,0.7977,0.7754
0788_512_256.jpg,0.5402,0.5278
0788_512_512.jpg,0.4298,0.4182
0788_512_768.jpg,0.3629,0.3549
0788_768_0.jpg,0.9233,0.9126
0788_768_1024.jpg,0.5266,0.5165
0788_768_1280.jpg,0.6718,0.66
0788_768_1536.jpg,0.6573,0.6451
0788_768_256.jpg,0.5415,0.534
0788_768_512.jpg,0.4411,0.4341
0788_768_768.jpg,0.4509,0.4455
0796_0_0.jpg,0.9078,0.8983
0796_0_1024.jpg,0.7692,0.7516
0796_0_1280.jpg,0.8567,0.8354
0796_0_1536.jpg,0.7977,0.7897
0796_0_256.jpg,0.8875,0.8771
0796_0_512.jpg,0.8244,0.815
0796_0_768.jpg,0.7486,0.7368
0796_1024_0.jpg,0.8274,0.8217
0796_1024_1024.jpg,0.7655,0.7568
0796_1024_1280.jpg,0.786,0.7791
0796_1024_1536.jpg,0.7817,0.7768
0796_1024_256.jpg,0.8338,0.8277
0796_1024_512.jpg,0.8475,0.8382
0796_1024_768.jpg,0.7562,0.7458
0796_256_0.jpg,0.855,0.849
0796_256_1024.jpg,0.8337,0.8214
0796_256_1280.jpg,0.8277,0.8142
0796_256_1536.jpg,0.8139,0.805
0796_256_256.jpg,0.8233,0.8052
0796_256_512.jpg,0.8419,0.8258
0796_256_768.jpg,0.8209,0.782
0796_512_0.jpg,0.8419,0.8314
0796_512_1024.jpg,0.7944,0.7745
0796_512_1280.jpg,0.8976,0.8882
0796_512_1536.jpg,0.8564,0.8513
0796_512_256.jpg,0.8943,0.8836
0796_512_512.jpg,0.8169,0.8091
0796_512_768.jpg,0.8496,0.8057
0796_768_0.jpg,0.8656,0.8528
0796_768_1024.jpg,0.7292,0.7223
0796_768_1280.jpg,0.8084,0.8054
0796_768_1536.jpg,0.6927,0.6862
0796_768_256.jpg,0.8112,0.8046
0796_768_512.jpg,0.7901,0.7819
0796_768_768.jpg,0.7442,0.711
0797_0_0.jpg,0.6415,0.6313
0797_0_1024.jpg,0.551,0.5403
0797_0_1280.jpg,0.5803,0.5707
0797_0_1536.jpg,0.5847,0.5754
0797_0_256.jpg,0.5577,0.5428
0797_0_512.jpg,0.5364,0.526
0797_0_768.jpg,0.5428,0.5331
0797_1024_0.jpg,0.592,0.5781
0797_1024_1024.jpg,0.597,0.5853
0797_1024_1280.jpg,0.5927,0.5809
0797_1024_1536.jpg,0.6124,0.6034
0797_1024_256.jpg,0.5403,0.5281
0797_1024_512.jpg,0.5826,0.5709
0797_1024_768.jpg,0.6034,0.5902
0797_256_0.jpg,0.6232,0.6077
0797_256_1024.jpg,0.5394,0.5277
0797_256_1280.jpg,0.567,0.5509
0797_256_1536.jpg,0.5758,0.5637
0797_256_256.jpg,0.5699,0.5561
0797_256_512.jpg,0.5306,0.5209
0797_256_768.jpg,0.5353,0.5226
0797_512_0.jpg,0.5775,0.5562
0797_512_1024.jpg,0.5605,0.5481
0797_512_1280.jpg,0.5882,0.5754
0797_512_1536.jpg,0.59,0.5773
0797_512_256.jpg,0.5336,0.5168
0797_512_512.jpg,0.5616,0.5528
0797_512_768.jpg,0.5384,0.527
0797_768_0.jpg,0.5675,0.5487
0797_768_1024.jpg,0.5677,0.5573
0797_768_1280.jpg,0.5798,0.5675
0797_768_1536.jpg,0.6006,0.5872
0797_768_256.jpg,0.5407,0.522
0797_768_512.jpg,0.5924,0.5782
0797_768_768.jpg,0.5632,0.5483
